Filename,Mode,MatvR_Min,MatvR_Max,RvSk_Min,RvSk_Max,MatvSk_Min,MatvSk_Max,r_tp_m_fn_per_min,r_tp_m_fn_avg,r_tp_m_fn_per_max,r_tn_m_fp_per_min,r_tn_m_fp_avg,r_tn_m_fp_per_max,m_tp_r_fn_per_min,m_tp_r_fn_avg,m_tp_r_fn_per_max,m_tn_r_fp_per_min,m_tn_r_fp_avg,m_tn_r_fp_per_max,s_tp_r_fn_per_min,s_tp_r_fn_per_max,s_tn_r_fp_per_min,s_tn_r_fp_per_max,r_tp_s_fn_per_min,r_tp_s_fn_per_max,r_tn_s_fp_per_min,r_tn_s_fp_per_max,s_tp_m_fn_per_min,s_tp_m_fn_avg,s_tp_m_fn_per_max,s_tn_m_fp_per_min,s_tn_m_fp_avg,s_tn_m_fp_per_max,m_tp_s_fn_per_min,m_tp_s_fn_avg,m_tp_s_fn_per_max,m_tn_s_fp_per_min,m_tn_s_fp_avg,m_tn_s_fp_per_max,Row,Column
CastMetal1,Default,0.1314984709480122,0.1681957186544342,0.5626911314984709,0.5626911314984709,0.4617737003058104,0.5290519877675841,0.0861423220973782,10.068891415133224,0.1123595505617977,0.5,89.54707682983235,1.0,0.0542635658914728,6.368312140148328,0.0705882352941176,0.6666666666666666,92.22339072710136,1.0,0.1276595744680851,0.1276595744680851,1.0,1.0,0.5393258426966292,0.5393258426966292,1.0,1.0,0.0567375886524822,9.952862785916336,0.1276595744680851,0.8888888888888888,88.66346543404978,1.0,0.4824902723735408,50.56048226669712,0.51953125,0.6,31.490878707456083,1.0,327,37
CastMetal1,Mod,0.8012232415902141,0.8318042813455657,0.691131498470948,0.691131498470948,0.2691131498470948,0.3363914373088685,0.037037037037037,9.268389738078094,0.1481481481481481,0.8888888888888888,89.2297484047073,0.8888888888888888,0.8980392156862745,90.55927001329724,0.9105058365758756,0.0,5.178106048415903,0.3333333333333333,0.8957345971563981,0.8957345971563981,0.3,0.3,0.1851851851851851,0.1851851851851851,0.8055555555555556,0.8055555555555556,0.0710900473933649,10.450046396110409,0.1232227488151658,1.0,88.60535495195035,0.9,0.2313725490196078,26.088523937587983,0.27734375,1.0,75.11211234744033,0.8,327,37
CostaMadre1,Default,0.8952702702702703,0.902027027027027,0.5033783783783784,0.5033783783783784,0.4729729729729729,0.5405405405405406,0.0,0.2027430470140261,1.0,0.9473684210526316,90.82496073291315,0.8421052631578947,0.9956521739130436,99.585103823831,1.0,0.0,0.0,0.0,1.0,1.0,0.0,0.0,1.0,1.0,0.5789473684210527,0.5789473684210527,0.0714285714285714,10.220156520816936,0.1507936507936507,0.8125,91.06938868140053,1.0,0.4978540772532189,51.201435225956935,0.5347826086956522,0.4,35.45849204476072,1.0,296,37
CostaMadre1,Mod,0.7972972972972973,0.8513513513513513,0.6486486486486487,0.6486486486486487,0.3243243243243243,0.3783783783783784,0.0,7.947568977570695,0.24,0.8181818181818182,89.36526858129307,0.9090909090909092,0.8931623931623932,90.28756679899791,0.9184549356223176,0.0,2.467121943706215,0.4,0.903954802259887,0.903954802259887,0.0909090909090909,0.0909090909090909,0.32,0.32,0.696969696969697,0.696969696969697,0.0790960451977401,10.161915994870135,0.135593220338983,0.7272727272727273,91.95993050194606,1.0,0.3034188034188034,31.48411603008904,0.3318777292576419,0.5,71.57906835170498,1.0,296,37
KnuggetChase3,Default,0.8917525773195877,0.9020618556701032,0.5103092783505154,0.5103092783505154,0.4639175257731959,0.5670103092783505,0.0,0.2027430470140261,1.0,0.9142857142857144,88.92982968711947,0.8571428571428571,0.9929577464788732,99.32781958044852,1.0,0.0,0.2107188937792661,0.0,1.0,1.0,0.0555555555555555,0.0555555555555555,1.0,1.0,0.5142857142857142,0.5142857142857142,0.050632911392405,9.54898048804824,0.189873417721519,0.8888888888888888,91.0302737784389,1.0,0.4755244755244755,50.11513926017655,0.5428571428571428,0.5,49.3420823753662,1.0,194,39
KnuggetChase3,Mod,0.7371134020618557,0.8092783505154639,0.4639175257731959,0.4639175257731959,0.5,0.5927835051546392,0.0,10.707284271066971,0.2222222222222222,0.8571428571428571,87.71393987728284,0.8214285714285714,0.8686131386861314,88.75212483568879,0.900709219858156,0.0,12.87938443849542,0.375,0.9117647058823528,0.9117647058823528,0.1666666666666666,0.1666666666666666,0.6666666666666666,0.6666666666666666,0.4642857142857143,0.4642857142857143,0.0588235294117647,12.242405100203658,0.1764705882352941,0.8333333333333334,86.94911219025576,0.9444444444444444,0.539568345323741,56.787529181682594,0.5942028985507246,0.5,37.43537721257422,0.8,194,39
KungChi3,Default,0.902439024390244,0.902439024390244,0.5040650406504065,0.5040650406504065,0.4308943089430894,0.5447154471544715,0.0,0.0,0.0,0.9375,90.45098244209318,0.9375,1.0,100.00000000000004,1.0,0.0,0.0,0.0,1.0,1.0,0.0,0.0,0.0,0.0,0.5,0.5,0.037037037037037,9.374846124906329,0.1111111111111111,0.875,88.77052112210902,1.0,0.4583333333333333,49.49568289540418,0.5102040816326531,0.0,5.565172453893073,1.0,123,39
KungChi3,Mod,0.7154471544715447,0.7967479674796748,0.4227642276422764,0.4227642276422764,0.5203252032520326,0.6504065040650406,0.0,10.194207149397055,0.3076923076923077,0.9,89.37475427051301,1.0,0.8586956521739131,87.97672084123757,0.9021739130434784,0.0,10.78324045505823,1.0,0.8837209302325582,0.8837209302325582,0.3333333333333333,0.3333333333333333,0.6153846153846154,0.6153846153846154,0.2,0.2,0.0465116279069767,12.743502403659203,0.2325581395348837,0.6666666666666666,85.88601024425749,0.9166666666666666,0.5684210526315789,59.88763266951372,0.6413043478260869,0.0,1.365791856079805,0.0,123,39
MeanWhile1,Default,0.3596837944664031,0.4466403162055335,0.7391304347826086,0.7391304347826086,0.458498023715415,0.5691699604743083,0.0797101449275362,9.368819328939365,0.144927536231884,1.0,92.14671677126177,1.0,0.3681592039800995,38.622647591954205,0.4187192118226601,0.0,46.779778615729896,1.0,0.6293103448275862,0.6293103448275862,0.8823529411764706,0.8823529411764706,0.6884057971014492,0.6884057971014492,0.6666666666666666,0.6666666666666666,0.0517241379310344,10.127892846519154,0.1551724137931034,0.9411764705882352,90.67723185804564,1.0,0.458128078817734,48.89543405839947,0.5196078431372549,0.5,14.93464226469002,1.0,253,37
MeanWhile1,Mod,0.7786561264822134,0.8260869565217391,0.6403162055335968,0.6403162055335968,0.3438735177865613,0.4229249011857707,0.0,8.12541188588285,0.1666666666666666,0.9565217391304348,88.68464360792898,0.9130434782608696,0.8793969849246231,89.1952081860376,0.900990099009901,0.0,2.923884221449419,0.5,0.9241379310344828,0.9241379310344828,0.0,0.0,0.5416666666666666,0.5416666666666666,0.6521739130434783,0.6521739130434783,0.0827586206896551,11.008652122081577,0.1310344827586207,1.0,89.46769907170376,1.0,0.3316582914572864,35.90175715902171,0.3762376237623762,1.0,47.22998836657139,1.0,253,37
MegaWatt1,Default,0.3596837944664031,0.4387351778656126,0.7391304347826086,0.7391304347826086,0.4505928853754941,0.5375494071146245,0.0797101449275362,9.784771105809774,0.1304347826086956,0.8333333333333334,91.55091457514015,0.8333333333333334,0.3712871287128713,38.9075359685275,0.4146341463414634,0.0,33.9938404356451,0.75,0.6293103448275862,0.6293103448275862,0.8823529411764706,0.8823529411764706,0.6884057971014492,0.6884057971014492,0.6666666666666666,0.6666666666666666,0.043103448275862,9.625290982752905,0.1379310344827586,0.8235294117647058,89.73694764363705,1.0,0.4585365853658537,48.594226610132544,0.504950495049505,0.25,11.898661334372656,1.0,253,37
MegaWatt1,Mod,0.7786561264822134,0.8181818181818182,0.7075098814229249,0.7075098814229249,0.2608695652173913,0.3241106719367589,0.0,7.298095633083522,0.12,0.7727272727272727,88.26270148194021,0.9545454545454546,0.8780487804878049,88.77957631154942,0.8916256157635468,0.0,3.6225892949198606,0.6666666666666666,0.8914285714285715,0.8914285714285715,0.2222222222222222,0.2222222222222222,0.24,0.24,0.6818181818181818,0.6818181818181818,0.08,9.917171026143718,0.1314285714285714,0.7777777777777778,88.74721181798543,1.0,0.2107843137254902,22.40904145170199,0.2437810945273631,0.5,53.26062335379453,1.0,253,37
PieChart1,Default,0.8056737588652483,0.8340425531914893,0.574468085106383,0.574468085106383,0.4780141843971631,0.5205673758865248,0.02,9.127431351267644,0.18,0.9047619047619048,90.148344739981,0.9523809523809524,0.9152249134948096,92.2542697536384,0.9290657439446368,0.0,22.026476572596398,0.5,0.9811912225705328,0.9811912225705328,0.6071428571428571,0.6071428571428571,0.88,0.88,0.7380952380952381,0.7380952380952381,0.0783699059561128,9.658612828940411,0.1253918495297805,0.9642857142857144,91.12444800772228,0.9642857142857144,0.4904679376083189,50.33681490437682,0.5164644714038128,0.6666666666666666,55.70681803241231,0.6666666666666666,705,37
PieChart1,Mod,0.8312056737588652,0.8567375886524823,0.5148936170212766,0.5148936170212766,0.4468085106382978,0.5177304964539007,0.02,8.154912783794131,0.22,0.9607843137254902,91.67501951002876,0.9411764705882352,0.916095890410959,92.23242528268564,0.9332191780821918,0.3333333333333333,5.642350748447925,0.0,0.9272727272727272,0.9272727272727272,0.1666666666666666,0.1666666666666666,0.52,0.52,0.5098039215686274,0.5098039215686274,0.0424242424242424,8.760526314601096,0.1212121212121212,0.9666666666666668,91.40454199886555,0.8666666666666667,0.4598290598290598,48.68682308357694,0.5059625212947189,0.75,38.20113396088543,0.3333333333333333,705,37
PieChart2,Default,0.47248322147651,0.5234899328859061,0.6818791946308724,0.6818791946308724,0.4805369127516778,0.5261744966442953,0.0743801652892562,9.621587787416656,0.1184573002754821,0.6666666666666666,89.42211559356852,1.0,0.4885844748858447,50.06802622383822,0.513677811550152,0.0,19.562388994671515,1.0,0.6775956284153005,0.6775956284153005,1.0,1.0,0.6749311294765841,0.6749311294765841,1.0,1.0,0.081967213114754,10.249137375671127,0.1256830601092896,0.8888888888888888,88.20583054238823,1.0,0.4878048780487805,49.99842237648401,0.5121951219512195,0.0,6.824163255249527,1.0,745,36
PieChart2,Mod,0.8389261744966443,0.8657718120805369,0.6281879194630873,0.6281879194630873,0.334228187919463,0.3771812080536912,0.0,6.684980141380154,0.1578947368421052,0.7692307692307693,91.2389899258534,1.0,0.9151785714285714,92.1552252326032,0.928358208955224,0.0,1.1700569538906254,1.0,0.9111570247933884,0.9111570247933884,0.5,0.5,0.2456140350877192,0.2456140350877192,0.9230769230769232,0.9230769230769232,0.0557851239669421,7.997866686927402,0.0909090909090909,1.0,87.3954425506251,1.0,0.3209509658246657,33.58971484307769,0.3452380952380952,1.0,28.839575257882792,1.0,745,36
PieChart3,Default,0.1002785515320334,0.1002785515320334,0.500464252553389,0.500464252553389,0.4763231197771588,0.5264623955431755,0.0943796394485683,10.00665563993317,0.0943796394485683,0.0,0.0,0.0,0.0,0.0,0.0,1.0,100.00000000000004,1.0,0.0,0.0,1.0,1.0,0.528101802757158,0.528101802757158,0.0,0.0,0.0674157303370786,10.035204305525646,0.1191011235955056,0.8048780487804879,89.79066261170468,0.902439024390244,0.5140515222482436,52.85003667947499,0.5409836065573771,0.5789473684210527,67.72699837335328,0.7894736842105263,1077,37
PieChart3,Mod,0.8263695450324977,0.8467966573816156,0.5719591457753017,0.5719591457753017,0.4066852367688022,0.4401114206128134,0.0256410256410256,8.002825959294118,0.0897435897435897,0.9565217391304348,92.12714771852109,0.9478260869565216,0.911007025761124,91.70267528849052,0.9175377468060396,0.0,10.250804410064442,0.5,0.9171171171171172,0.9171171171171172,0.1296296296296296,0.1296296296296296,0.4102564102564102,0.4102564102564102,0.591304347826087,0.591304347826087,0.072072072072072,8.790514387234666,0.1099099099099099,0.8333333333333334,91.93581048681553,0.9444444444444444,0.40324449594438,41.12681209618885,0.4215456674473068,0.3571428571428571,55.35472577984336,0.4,1077,37
PizzaCutter1,Default,0.6656580937972768,0.7110438729198184,0.6293494704992436,0.6293494704992436,0.4750378214826021,0.5264750378214826,0.065359477124183,9.88956046820098,0.1503267973856209,0.9,88.98758293986955,0.9,0.7380952380952381,74.914124919548,0.7627737226277372,0.0,25.001595474477437,0.4,0.8651315789473685,0.8651315789473685,0.72,0.72,0.7320261437908496,0.7320261437908496,0.7666666666666667,0.7666666666666667,0.0723684210526315,9.930700230987512,0.131578947368421,0.88,89.86326522316503,0.96,0.4863387978142076,50.09995404251666,0.5164835164835165,0.5,49.51326623668086,0.6666666666666666,661,37
PizzaCutter1,Mod,0.81089258698941,0.8381240544629349,0.8093797276853253,0.8093797276853253,0.1739788199697428,0.2102874432677761,0.037037037037037,9.928499348540267,0.1851851851851851,0.8780487804878049,89.65454082448925,0.8536585365853658,0.9052823315118396,91.18036192949891,0.9201451905626136,0.1666666666666666,12.240512516044465,0.25,0.9138576779026216,0.9138576779026216,0.25,0.25,0.1481481481481481,0.1481481481481481,0.926829268292683,0.926829268292683,0.0898876404494382,9.928641216159368,0.1104868913857678,0.75,88.2192730158995,0.75,0.1115173674588665,12.297578974725733,0.1332116788321168,0.75,92.40029813350746,0.8,661,37
PizzaCutter3,Default,0.099712368168744,0.099712368168744,0.5004793863854267,0.5004793863854267,0.4832214765100671,0.5215723873441994,0.1004366812227074,9.972374158639475,0.1004366812227074,0.0,0.0,0.0,0.0,0.0,0.0,1.0,100.00000000000004,1.0,0.0,0.0,1.0,1.0,0.5283842794759825,0.5283842794759825,0.0,0.0,0.0833333333333333,10.071591977958995,0.1203703703703703,0.868421052631579,89.3403992857997,0.8421052631578947,0.5194174757281553,52.90550794247338,0.5416164053075995,0.5833333333333334,67.05305872120137,0.6470588235294118,1043,37
PizzaCutter3,Mod,0.8446788111217641,0.8676893576222435,0.37679769894535,0.37679769894535,0.6059443911792906,0.6423777564717162,0.0,7.700369512564864,0.1029411764705882,0.9017857142857144,92.5749686965618,0.9464285714285714,0.9196217494089834,92.6148723258634,0.9278959810874704,0.1538461538461538,6.757120689263669,0.5384615384615384,0.9320388349514565,0.9320388349514565,0.125,0.125,0.6911764705882353,0.6911764705882353,0.4375,0.4375,0.0453074433656957,7.893979136840523,0.1067961165048543,0.9305555555555556,92.66595388301018,0.9861111111111112,0.649643705463183,66.26404966102224,0.6706443914081146,0.4444444444444444,44.84437618602525,0.8,1043,37
analcatdata_apnea1,Default,0.3831578947368421,0.5810526315789474,0.8673684210526316,0.8673684210526316,0.3831578947368421,0.5810526315789474,0.0,9.58084239821254,0.1971153846153846,1.0,93.34108635281667,1.0,0.4332425068119891,50.82407722956177,0.5522788203753352,0.0,47.205880420212,1.0,0.8486238532110092,0.8486238532110092,0.9393939393939394,0.9393939393939394,0.8413461538461539,0.8413461538461539,0.9130434782608696,0.9130434782608696,0.0,5.5033542310698405,0.1880733944954128,0.8787878787878788,86.43812834228247,1.0,0.4123989218328841,46.10013440193231,0.5254691689008043,0.0,16.263220717600895,1.0,475,3
analcatdata_apnea1,Mod,0.9242105263157896,0.9578947368421052,0.8252631578947368,0.8252631578947368,0.1578947368421052,0.2168421052631579,0.0,3.667440294829934,0.5,0.9473684210526316,95.7858603965918,0.9473684210526316,0.9697732997481108,97.28744213168208,0.9849624060150376,0.0,1.805055980459024,0.4,0.9793510324483776,0.9793510324483776,0.375,0.375,0.4166666666666667,0.4166666666666667,0.912280701754386,0.912280701754386,0.0176991150442477,3.6650707200704566,0.0471976401179941,1.0,90.4417436092006,1.0,0.1548223350253807,17.751704462074688,0.1884422110552764,0.0,38.75266971318482,1.0,475,3
analcatdata_apnea2,Default,0.4084210526315789,0.5810526315789474,0.8673684210526316,0.8673684210526316,0.3831578947368421,0.5557894736842105,0.0289855072463768,11.944662833696324,0.2028985507246377,1.0,92.99306631341246,1.0,0.4478021978021978,51.63031761855273,0.5528455284552846,0.0,58.293789811644025,1.0,0.8472222222222222,0.8472222222222222,0.9411764705882352,0.9411764705882352,0.8405797101449275,0.8405797101449275,0.92,0.92,0.0,4.103414888922692,0.1574074074074074,0.7941176470588235,85.78271024167132,0.9411764705882352,0.4177897574123989,45.19106919383123,0.5120643431635389,0.0,9.058965283124763,0.7777777777777778,475,3
analcatdata_apnea2,Mod,0.9031578947368422,0.9410526315789474,0.8210526315789474,0.8210526315789474,0.1621052631578947,0.2126315789473684,0.0,4.710319800123407,0.4210526315789473,0.95,95.7917934651082,1.0,0.9514066496163684,95.66338256629588,0.9717223650385604,0.0,4.127180008465515,1.0,0.9649122807017544,0.9649122807017544,0.1111111111111111,0.1111111111111111,0.3684210526315789,0.3684210526315789,0.8666666666666667,0.8666666666666667,0.0292397660818713,4.438483674564833,0.0555555555555555,0.2222222222222222,89.02254929322912,1.0,0.1616161616161616,16.502096045178067,0.1760204081632653,0.125,43.65948282352697,1.0,475,3
analcatdata_apnea3,Default,0.3911111111111111,0.5911111111111111,0.8933333333333333,0.8933333333333333,0.3911111111111111,0.5911111111111111,0.0,9.159360344200062,0.1969696969696969,0.7916666666666666,92.84804622700682,1.0,0.4422535211267606,50.40933663683056,0.5533707865168539,0.0,33.89793043277705,1.0,0.8817733990147784,0.8817733990147784,0.9310344827586208,0.9310344827586208,0.8787878787878788,0.8787878787878788,0.9166666666666666,0.9166666666666666,0.0,6.26898026612445,0.1970443349753694,0.7931034482758621,86.5831206690574,1.0,0.4297752808988764,47.8081402079163,0.5408450704225352,0.0,7.331008779453823,1.0,450,3
analcatdata_apnea3,Mod,0.9133333333333332,0.94,0.8288888888888889,0.8288888888888889,0.1733333333333333,0.2133333333333333,0.0,4.6588466982978325,0.25,1.0,96.51759522524743,0.96,0.9575596816976129,96.25699590971269,0.968503937007874,0.0,0.9385785773249926,0.5,0.9753846153846154,0.9753846153846154,0.375,0.375,0.5,0.5,0.9,0.9,0.0276923076923076,3.5780049679885755,0.0553846153846153,0.875,93.70141878434283,1.0,0.164021164021164,17.35887697680008,0.1856763925729443,0.0,28.404156281954226,0.0,450,3
analcatdata_challenger,Default,0.4347826086956521,0.6086956521739131,0.6086956521739131,0.6086956521739131,0.4347826086956521,0.6086956521739131,0.0,6.38463391646844,0.180327868852459,1.0,96.61137713725604,1.0,0.4786324786324786,53.38196656650271,0.576271186440678,0.0,1.092625050099096,1.0,0.640625,0.640625,0.5714285714285714,0.5714285714285714,0.6229508196721312,0.6229508196721312,0.25,0.25,0.0,8.126385393248793,0.1875,0.8571428571428571,95.7247845982764,1.0,0.4576271186440678,51.99883707371072,0.5555555555555556,0.0,0.0966964242733838,0.0,138,2
analcatdata_challenger,Mod,0.4782608695652174,0.8260869565217391,0.6086956521739131,0.6086956521739131,0.217391304347826,0.7391304347826086,0.2666666666666666,46.18814944511004,0.7555555555555555,0.6666666666666666,74.57023739622022,1.0,0.6024096385542169,71.83337436234892,0.8674698795180723,0.0,11.997046392156358,1.0,0.7538461538461538,0.7538461538461538,0.5,0.5,0.6444444444444445,0.6444444444444445,0.8333333333333334,0.8333333333333334,0.0615384615384615,32.45430687345192,0.6,0.5,81.28032803632063,1.0,0.2738095238095238,48.886225871302585,0.6904761904761905,0.6666666666666666,38.63900223215878,1.0,138,2
analcatdata_chlamydia,Default,0.38,0.58,0.94,0.94,0.42,0.62,0.0,12.74394419313134,0.1363636363636363,0.8181818181818182,95.26963394777565,1.0,0.3972602739726027,48.05708325516147,0.4933333333333333,0.0,11.789992439447976,1.0,0.9444444444444444,0.9444444444444444,1.0,1.0,0.9545454545454546,0.9545454545454546,1.0,1.0,0.0,2.609505450758009,0.2222222222222222,0.4285714285714285,86.7584097798804,1.0,0.52,52.8474989591595,0.6164383561643836,0.0,3.722055327605221,1.0,100,3
analcatdata_chlamydia,Mod,0.88,0.92,0.71,0.71,0.25,0.29,0.0,2.190942882725974,0.2222222222222222,0.9444444444444444,98.52518344312035,1.0,0.8875,89.24987740538447,0.9113924050632912,0.0,0.0,0.0,0.918032786885246,0.918032786885246,0.0,0.0,0.4444444444444444,0.4444444444444444,0.6111111111111112,0.6111111111111112,0.0,1.715102529523469,0.0163934426229508,0.8571428571428571,98.16848694141012,1.0,0.2375,24.56734765488284,0.25,0.0,0.90811696270968,1.0,100,3
analcatdata_lawsuit,Default,0.4621212121212121,0.5454545454545454,0.9318181818181818,0.9318181818181818,0.4545454545454545,0.5378787878787878,0.0707964601769911,10.097491561338474,0.1504424778761062,0.0,0.0,0.0,0.5205479452054794,54.083465434976006,0.5656108597285068,0.0,57.05007817461816,1.0,0.9318181818181818,0.9318181818181818,1.0,1.0,0.9203539823008848,0.9203539823008848,0.0,0.0,0.053030303030303,9.492050550627244,0.1363636363636363,0.9473684210526316,90.3291340871088,1.0,0.4318181818181818,45.984724399220354,0.4794520547945205,0.0,0.0,0.0,264,4
analcatdata_lawsuit,Mod,0.5303030303030303,0.6666666666666666,0.5416666666666666,0.5416666666666666,0.375,0.5189393939393939,0.2153846153846154,30.58810350120686,0.4923076923076923,1.0,41.393303274578514,1.0,0.6982248520710059,73.65359186654234,0.8047337278106509,1.0,89.25042962631971,1.0,0.7482014388489209,0.7482014388489209,1.0,1.0,0.4615384615384615,0.4615384615384615,1.0,1.0,0.2230215827338129,30.16391610779393,0.3453237410071942,0.8571428571428571,62.41336081524082,0.8571428571428571,0.3532934131736527,42.88621951427852,0.4615384615384615,0.75,61.06281377035008,0.8333333333333334,264,4
analcatdata_neavote,Default,0.42,0.58,0.89,0.89,0.41,0.57,0.0212765957446808,8.374451861154613,0.1702127659574468,1.0,86.70981869408514,1.0,0.4457831325301205,48.95756830643576,0.5357142857142857,0.0,1.2821180980202218,1.0,0.8723404255319149,0.8723404255319149,1.0,1.0,0.8723404255319149,0.8723404255319149,1.0,1.0,0.0212765957446808,9.959650431955977,0.1914893617021276,1.0,90.9684526009274,1.0,0.4457831325301205,49.83228314063336,0.5421686746987951,0.0,5.908364516033294,0.0,100,3
analcatdata_neavote,Mod,0.35,0.67,0.52,0.52,0.39,0.63,0.2105263157894736,37.206580990158365,0.6052631578947368,0.75,44.7046607069233,0.75,0.4444444444444444,57.674826698244985,0.7272727272727273,0.0,14.143670779651307,0.5,0.5964912280701754,0.5964912280701754,0.4,0.4,0.3947368421052631,0.3947368421052631,0.25,0.25,0.2982456140350877,40.52211169998893,0.5263157894736842,0.4,51.30081028648074,0.8,0.3103448275862069,39.43196090421108,0.509090909090909,0.4,9.3361087839307,0.5,100,3
annthyroid,Default,0.4840277777777778,0.4879166666666666,0.4954166666666666,0.4954166666666666,0.4,0.4,0.0968488002312807,9.80069107183122,0.1000289100896212,0.8675213675213675,87.18169861493182,0.8846153846153846,0.4814077025232404,48.213504973061966,0.4831479329237921,0.6025641025641025,61.92556931913277,0.6493506493506493,0.4776561112755253,0.4776561112755253,0.5399361022364217,0.5399361022364217,0.4897369181844463,0.4897369181844463,0.3846153846153846,0.3846153846153846,0.0,0.0,0.0,0.7507987220447284,74.84795122736095,0.7507987220447284,0.4390770252324037,43.91418895083608,0.4390770252324037,0.0,0.0,0.0,7200,6
annthyroid,Mod,0.8773611111111111,0.8879166666666667,0.87875,0.87875,0.0047222222222222,0.0175,0.2791666666666667,30.79254470408142,0.3375,0.9393939393939394,94.23164880587817,0.946969696969697,0.9434085704939484,94.57137852572306,0.9480477046234276,0.6417910447761194,67.0558133177442,0.7162162162162162,0.944044502617801,0.944044502617801,0.676923076923077,0.676923076923077,0.2875,0.2875,0.946969696969697,0.946969696969697,0.0022905759162303,0.4772140275938796,0.0081806282722513,0.0307692307692307,2.659824236462725,0.0461538461538461,0.0024537870112874,0.5497931011323314,0.0098007187193727,0.0454545454545454,8.292788842279798,0.1733333333333333,7200,6
appendicitis,Default,0.4056603773584906,0.4811320754716981,0.4811320754716981,0.4811320754716981,0.3773584905660377,0.3773584905660377,0.0612244897959183,8.663585179879338,0.1224489795918367,0.8,89.11499609342182,1.0,0.4025974025974026,41.6968643879773,0.4342105263157895,0.3333333333333333,63.90159954185843,1.0,0.4489795918367347,0.4489795918367347,0.4,0.4,0.4489795918367347,0.4489795918367347,0.1,0.1,0.0,0.0,0.0,0.8666666666666667,82.00624160361195,0.8666666666666667,0.3552631578947368,36.03599407794081,0.3552631578947368,0.0,0.0,0.0,106,7
appendicitis,Mod,0.8301886792452831,0.8867924528301887,0.8113207547169812,0.8113207547169812,0.0188679245283018,0.0943396226415094,0.631578947368421,70.0073922300062,0.7894736842105263,0.6,69.48408610113745,0.7333333333333333,0.9,91.71583288609445,0.9411764705882352,0.4,46.84896612813152,0.5,0.8857142857142857,0.8857142857142857,0.4,0.4,0.5789473684210527,0.5789473684210527,0.6,0.6,0.0142857142857142,3.914436443900396,0.0714285714285714,0.0,12.56126073960118,0.3,0.0142857142857142,1.8672920183474175,0.0298507462686567,0.0,0.0,0.0,106,7
ar1,Default,0.0991735537190082,0.1487603305785124,0.5454545454545454,0.5454545454545454,0.4462809917355372,0.5619834710743802,0.0833333333333333,9.22684787115738,0.1018518518518518,0.5,82.4124809034438,1.0,0.0198019801980198,3.3882140624314587,0.0396039603960396,0.0,17.61372273225461,1.0,0.0714285714285714,0.0714285714285714,1.0,1.0,0.5185185185185185,0.5185185185185185,1.0,1.0,0.0535714285714285,10.010936965130108,0.1607142857142857,0.5,86.00617826425695,1.0,0.4803921568627451,50.484853177737406,0.5346534653465347,0.0,12.550344614155854,1.0,121,29
ar1,Mod,0.6363636363636364,0.768595041322314,0.4297520661157025,0.4297520661157025,0.4710743801652892,0.6033057851239669,0.0,13.132440786337078,0.3181818181818182,0.8333333333333334,76.99467120412604,0.8333333333333334,0.7659574468085106,80.23171056534977,0.8421052631578947,0.0,7.705582917026783,0.5,0.7358490566037735,0.7358490566037735,0.3333333333333333,0.3333333333333333,0.3636363636363636,0.3636363636363636,0.6666666666666666,0.6666666666666666,0.1132075471698113,16.00589819280038,0.2264150943396226,0.6666666666666666,64.26302589874106,1.0,0.5052631578947369,53.19419132007486,0.5729166666666666,0.5,22.498348542813037,1.0,121,29
ar3,Default,0.1746031746031746,0.2698412698412698,0.6666666666666666,0.6666666666666666,0.4285714285714285,0.5873015873015873,0.0444444444444444,8.97865223822497,0.1333333333333333,1.0,57.05007817461816,1.0,0.14,18.026417807504192,0.2040816326530612,1.0,8.811239819594132,0.0,0.3225806451612903,0.3225806451612903,1.0,1.0,0.5333333333333333,0.5333333333333333,1.0,1.0,0.032258064516129,9.766799108012563,0.1612903225806451,0.8571428571428571,89.20387816443697,1.0,0.4,44.13297682811112,0.48,0.0,0.6308057747076068,1.0,63,29
ar3,Mod,0.7301587301587301,0.8571428571428571,0.7142857142857143,0.7142857142857143,0.1428571428571428,0.3015873015873015,0.0,6.782973813140189,0.5,0.8333333333333334,85.13973237177242,0.8333333333333334,0.8723404255319149,89.16635320320644,0.9375,0.0,0.9656864314494908,0.5,0.8723404255319149,0.8723404255319149,0.0,0.0,0.0,0.0,0.6666666666666666,0.6666666666666666,0.0851063829787234,14.019841628870756,0.1489361702127659,0.5,83.56021185763979,1.0,0.0851063829787234,14.0638456217468,0.1666666666666666,0.0,10.199006333626238,1.0,63,29
ar4,Default,0.1588785046728972,0.2336448598130841,0.6448598130841121,0.6448598130841121,0.4299065420560747,0.5794392523364486,0.081081081081081,9.477481650145268,0.1216216216216216,0.0,32.36447105028984,1.0,0.1282051282051282,14.749147302859653,0.1666666666666666,0.5,67.0902089630885,1.0,0.2954545454545454,0.2954545454545454,1.0,1.0,0.581081081081081,0.581081081081081,1.0,1.0,0.0227272727272727,9.27680880271103,0.1590909090909091,0.8333333333333334,85.48365173352138,0.9166666666666666,0.4487179487179487,49.54092497548869,0.5316455696202531,0.0,11.932284166119704,0.6666666666666666,107,29
ar4,Mod,0.7850467289719626,0.8598130841121495,0.2523364485981308,0.2523364485981308,0.719626168224299,0.8130841121495327,0.0,4.5457611094085335,0.2222222222222222,1.0,91.75572888293335,1.0,0.8831168831168831,89.71693284692276,0.9113924050632912,0.0,4.644162830706185,1.0,0.8823529411764706,0.8823529411764706,0.1764705882352941,0.1764705882352941,0.7777777777777778,0.7777777777777778,0.125,0.125,0.0,7.117614093930612,0.2352941176470588,0.8823529411764706,90.5479468491048,1.0,0.7848101265822784,80.61248304064151,0.8333333333333334,0.0,1.90301033067616,1.0,107,29
ar6,Default,0.2178217821782178,0.3168316831683168,0.6534653465346535,0.6534653465346535,0.4356435643564356,0.5544554455445545,0.0746268656716417,9.104535663793264,0.1194029850746268,0.6666666666666666,84.5152605657744,1.0,0.1948051948051948,21.607916009390813,0.2435897435897435,0.0,19.987151820528137,1.0,0.3720930232558139,0.3720930232558139,1.0,1.0,0.5970149253731343,0.5970149253731343,1.0,1.0,0.0465116279069767,10.38231292934435,0.1627906976744186,1.0,88.0610378384632,1.0,0.4605263157894737,50.5908518842857,0.5324675324675324,0.0,10.33225125810723,1.0,101,29
ar6,Mod,0.7029702970297029,0.801980198019802,0.3069306930693069,0.3069306930693069,0.5742574257425742,0.7128712871287128,0.0,8.859146106382111,0.3333333333333333,0.8333333333333334,82.31604019530182,0.9166666666666666,0.8356164383561644,85.89195408935666,0.8904109589041096,0.0,1.504671515500251,0.5,0.8076923076923077,0.8076923076923077,0.0909090909090909,0.0909090909090909,0.5833333333333334,0.5833333333333334,0.1666666666666666,0.1666666666666666,0.0384615384615384,13.824127306028709,0.1923076923076923,0.8181818181818182,81.55373837636712,0.8181818181818182,0.6575342465753424,69.86943077980156,0.7236842105263158,0.0,2.088151468869526,0.6,101,29
arsenic-female-bladder,Default,0.1001788908765653,0.1001788908765653,0.4669051878354204,0.4669051878354204,0.4525939177101968,0.5026833631484794,0.1064718162839248,9.985242375828228,0.1064718162839248,0.0,0.0,0.0,0.0,0.0,0.0,1.0,100.00000000000004,1.0,0.0,0.0,1.0,1.0,0.4237995824634655,0.4237995824634655,0.0,0.0,0.0869565217391304,10.198806236268869,0.1195652173913043,0.8793103448275862,89.84498756263324,0.9482758620689656,0.413953488372093,42.53576878346829,0.4361948955916473,0.0,20.601645123953496,0.625,559,4
arsenic-female-bladder,Mod,0.5742397137745975,0.6493738819320215,0.5044722719141324,0.5044722719141324,0.4633273703041144,0.5670840787119857,0.1842105263157894,26.119903416290597,0.3157894736842105,0.7608695652173914,72.56675393738423,0.8260869565217391,0.7342857142857143,76.2569894582739,0.7790368271954674,0.4210526315789473,43.272214942907794,0.6363636363636364,0.7591836734693878,0.7591836734693878,0.4418604651162791,0.4418604651162791,0.4824561403508772,0.4824561403508772,0.4782608695652174,0.4782608695652174,0.2285714285714285,26.29703336216375,0.3346938775510204,0.6976744186046512,69.95783221557942,0.8604651162790697,0.4645892351274787,48.96924478011516,0.5329512893982808,0.4090909090909091,42.39471784158135,0.6666666666666666,559,4
arsenic-female-lung,Default,0.1001788908765653,0.1001788908765653,0.4669051878354204,0.4669051878354204,0.4525939177101968,0.4955277280858676,0.0962962962962963,10.000759878715572,0.0962962962962963,0.0,0.0,0.0,0.0,0.0,0.0,1.0,68.81932790314265,1.0,0.0,0.0,1.0,1.0,0.45,0.45,0.0,0.0,0.0808080808080808,9.94997193627629,0.1212121212121212,0.8888888888888888,89.11428173665843,1.0,0.4382716049382716,44.99370216991323,0.4607438016528926,0.0,0.3455461454310786,0.0,559,4
arsenic-female-lung,Mod,0.592128801431127,0.6529516994633273,0.4150268336314848,0.4150268336314848,0.5599284436493739,0.627906976744186,0.21875,25.911306754399877,0.328125,0.6666666666666666,67.57931894841293,1.0,0.7493734335839599,76.40538528285448,0.7855361596009975,0.6666666666666666,83.48638475905844,1.0,0.775,0.775,0.8823529411764706,0.8823529411764706,0.71875,0.71875,0.3333333333333333,0.3333333333333333,0.1875,25.73351430305664,0.3,0.6470588235294118,73.89127461365396,0.6470588235294118,0.6766169154228856,70.40226036291924,0.7220843672456576,0.0,2.763601261565081,0.1428571428571428,559,4
arsenic-male-bladder,Default,0.1001788908765653,0.1001788908765653,0.5295169946332737,0.5295169946332737,0.5044722719141324,0.5474060822898033,0.0990654205607476,10.028860081734528,0.0990654205607476,0.0,0.0,0.0,0.0,0.0,0.0,1.0,57.05007817461816,1.0,0.0,0.0,1.0,1.0,0.514018691588785,0.514018691588785,0.0,0.0,0.0807692307692307,9.84307136231128,0.123076923076923,0.8095238095238095,89.76489794782742,0.8571428571428571,0.505175983436853,51.32526127747148,0.5279503105590062,0.0,1.338483836322585,0.25,559,4
arsenic-male-bladder,Mod,0.590339892665474,0.6654740608228981,0.4561717352415027,0.4561717352415027,0.5456171735241503,0.6135957066189625,0.2047244094488189,25.900245225948588,0.3622047244094488,1.0,74.20155245977716,1.0,0.7436548223350253,76.34620594189238,0.7949367088607595,1.0,69.26188127165763,1.0,0.8,0.8,0.8333333333333334,0.8333333333333334,0.7165354330708661,0.7165354330708661,0.625,0.625,0.2055555555555555,25.8517526648322,0.2888888888888888,0.7777777777777778,73.81563386632217,0.6666666666666666,0.6388888888888888,66.41672044252466,0.681592039800995,0.2,9.219852421589692,0.4545454545454545,559,4
arsenic-male-lung,Default,0.1001788908765653,0.1001788908765653,0.5295169946332737,0.5295169946332737,0.4973166368515205,0.5509838998211091,0.0989010989010989,10.034605140250646,0.0989010989010989,0.0,0.0,0.0,0.0,0.0,0.0,1.0,20.030621475137792,1.0,0.0,0.0,1.0,1.0,0.5183150183150184,0.5183150183150184,0.0,0.0,0.0722433460076045,9.963642755877808,0.1292775665399239,1.0,90.3194327187399,0.9230769230769232,0.5020408163265306,51.83469079702338,0.5336048879837068,0.0,0.0,0.0,559,4
arsenic-male-lung,Mod,0.5813953488372093,0.6493738819320215,0.4508050089445438,0.4508050089445438,0.5205724508050089,0.5849731663685152,0.2148148148148148,26.902840961291734,0.3555555555555555,0.0,0.0,0.0,0.735,75.47270503467605,0.7825,1.0,100.00000000000004,1.0,0.7616822429906542,0.7616822429906542,1.0,1.0,0.6222222222222222,0.6222222222222222,0.0,0.0,0.2289719626168224,26.774578704150667,0.3037383177570093,0.6,64.10720911660167,1.0,0.5895522388059702,61.033367434920464,0.6293532338308457,0.5,50.37198019575508,1.0,559,4
backache,Default,0.4555555555555555,0.5444444444444444,0.5666666666666667,0.5666666666666667,0.4555555555555555,0.5555555555555556,0.0704225352112676,9.712660595031725,0.1267605633802817,0.8333333333333334,90.66629703843846,1.0,0.5217391304347826,54.18542917170334,0.5602836879432624,0.0,50.84813737876026,1.0,0.6075949367088608,0.6075949367088608,0.7857142857142857,0.7857142857142857,0.5633802816901409,0.5633802816901409,0.5,0.5,0.050632911392405,9.396479550226218,0.1645569620253164,0.9285714285714286,90.99082717562808,0.9285714285714286,0.460431654676259,48.81314088411093,0.5251798561151079,0.5,17.82562739517366,0.5,180,31
backache,Mod,0.6444444444444445,0.7444444444444445,0.5833333333333334,0.5833333333333334,0.3388888888888889,0.4611111111111111,0.08,17.335400758723935,0.28,0.9285714285714286,81.587042482309,1.0,0.8145161290322581,84.02958200029683,0.8582677165354331,0.0,24.45302890388575,1.0,0.8514851485148515,0.8514851485148515,0.1428571428571428,0.1428571428571428,0.4,0.4,0.5714285714285714,0.5714285714285714,0.1485148514851485,17.171290618374776,0.2574257425742574,0.8571428571428571,81.37784024407802,1.0,0.312,34.35782446497835,0.3951612903225806,0.5,53.85701518932389,1.0,180,31
breastw,Default,0.4978038067349927,0.5387994143484627,0.780380673499268,0.780380673499268,0.4231332357247437,0.4641288433382137,0.0196078431372549,3.0211867664969008,0.0261437908496732,0.7777777777777778,80.58448868463286,0.8444444444444444,0.6420047732696897,65.02945687308146,0.6526806526806527,0.7674418604651163,81.75910319603587,0.8679245283018868,0.7666666666666667,0.7666666666666667,0.8471615720524017,0.8471615720524017,0.4967320261437908,0.4967320261437908,0.2222222222222222,0.2222222222222222,0.0121212121212121,2.9539484564312377,0.0515151515151515,0.7816593886462883,80.08193887194702,0.8384279475982532,0.2400932400932401,24.47327543003468,0.2494004796163069,0.0566037735849056,3.474491608383863,0.0975609756097561,683,9
breastw,Mod,0.636896046852123,0.7013177159590044,0.8316251830161054,0.8316251830161054,0.2210834553440702,0.3060029282576866,0.2727272727272727,26.68030471262241,0.2840909090909091,0.3617021276595745,28.58087627923539,0.4042553191489361,0.8106508875739645,81.63637093332456,0.8235294117647058,0.8,79.56026215913641,0.834319526627219,0.8673469387755102,0.8673469387755102,0.8502415458937198,0.8502415458937198,0.4090909090909091,0.4090909090909091,0.3404255319148936,0.3404255319148936,0.1428571428571428,16.400577573856257,0.1989795918367347,0.2705314009661835,31.68496209964072,0.3961352657004831,0.0588235294117647,6.580214561071052,0.0710059171597633,0.1065088757396449,13.08712045552445,0.1666666666666666,683,9
cardio,Default,0.5499726925177498,0.588203167667941,0.6679410158383398,0.6679410158383398,0.4598580010922993,0.4959038776624795,0.117408906882591,14.110893373384627,0.1713900134952766,0.9571428571428572,92.93469459971296,0.9571428571428572,0.5613682092555332,57.35147235715188,0.5868102288021534,0.8421052631578947,73.57073903089456,0.7857142857142857,0.706140350877193,0.706140350877193,0.6022727272727273,0.6022727272727273,0.6383265856950068,0.6383265856950068,0.0,0.0,0.0581140350877193,7.380673422550656,0.094298245614035,0.8636363636363636,88.75507106749026,0.9147727272727272,0.4258021390374331,43.39798584381748,0.4445191661062542,0.0,0.0,0.0,1831,21
cardio,Mod,0.8367012561441836,0.8541780447842708,1.0,1.0,0.1458219552157291,0.1632987438558165,0.1142857142857142,14.044327764131795,0.2095238095238095,0.8672566371681416,91.23946832664176,0.9026548672566372,0.9383697813121272,94.0281008970548,0.945069490403706,0.2857142857142857,47.08869335953866,0.5217391304347826,1.0,1.0,1.0,1.0,1.0,1.0,1.0,1.0,0.0787096774193548,8.590559406603424,0.0864516129032258,0.8095238095238095,85.76945221358484,0.9047619047619048,0.0549305095962938,5.968913631160071,0.0616302186878727,0.4782608695652174,50.05882786993969,0.7142857142857143,1831,21
climate-model-simulation-crashes,Default,0.4666666666666667,0.5148148148148148,0.7425925925925926,0.7425925925925926,0.4685185185185185,0.5277777777777778,0.0669456066945606,9.885065135909358,0.104602510460251,0.8666666666666667,90.41083926610688,1.0,0.4977477477477477,51.58361657998999,0.5201793721973094,0.5,60.70165881460032,1.0,0.7480314960629921,0.7480314960629921,0.8620689655172413,0.8620689655172413,0.7322175732217573,0.7322175732217573,0.7333333333333333,0.7333333333333333,0.0629921259842519,10.008282602758074,0.1220472440944882,0.896551724137931,89.80304097220287,0.9310344827586208,0.4663677130044843,48.61424339659467,0.5,0.5,15.837758565768643,0.6666666666666666,540,21
climate-model-simulation-crashes,Mod,0.5370370370370371,0.6222222222222222,0.5444444444444444,0.5444444444444444,0.4222222222222222,0.5037037037037037,0.2086330935251798,28.552827559935945,0.3381294964028777,0.6538461538461539,72.02306058598457,0.6923076923076923,0.6857142857142857,71.70812817451585,0.7401129943502824,0.3076923076923077,44.59500504834919,0.5294117647058824,0.7235494880546075,0.7235494880546075,0.4375,0.4375,0.4172661870503597,0.4172661870503597,0.6538461538461539,0.6538461538461539,0.2559726962457337,29.02299583332084,0.3310580204778157,0.8125,69.93706798824049,0.8125,0.3753581661891118,40.64900003917559,0.4383954154727794,0.75,63.98202909536002,0.75,540,21
datatrieve,Default,0.5307692307692308,0.6538461538461539,0.823076923076923,0.823076923076923,0.4461538461538462,0.5538461538461539,0.0227272727272727,9.655320027950864,0.2045454545454545,1.0,87.275576623596,0.6,0.5943396226415094,63.33517497243568,0.6759259259259259,0.0,8.419305330124752,0.0,0.9333333333333332,0.9333333333333332,1.0,1.0,0.9090909090909092,0.9090909090909092,1.0,1.0,0.05,9.234400880226769,0.1666666666666666,1.0,87.7756704078797,0.8333333333333334,0.4622641509433962,49.39905539590213,0.5327102803738317,0.0,4.937269158501478,0.0,130,8
datatrieve,Mod,0.6,0.6923076923076923,0.4769230769230769,0.4769230769230769,0.4153846153846154,0.5692307692307692,0.0869565217391304,20.700586643047764,0.3043478260869565,0.8,73.22400571549554,0.8,0.7717391304347826,80.49488841909054,0.8279569892473119,0.5,30.81718885574535,0.6666666666666666,0.8103448275862069,0.8103448275862069,0.0,0.0,0.5217391304347826,0.5217391304347826,0.6,0.6,0.1724137931034483,21.240037669027256,0.3103448275862069,1.0,70.03452671071233,1.0,0.4666666666666667,50.876295910461714,0.5652173913043478,0.0,75.01409799034157,1.0,130,8
fertility,Default,0.46,0.54,0.59,0.59,0.41,0.49,0.0638297872340425,11.108986051941756,0.1489361702127659,0.8,91.05981646395934,1.0,0.4567901234567901,47.887713660415365,0.5,0.6666666666666666,57.56351220576866,1.0,0.5454545454545454,0.5454545454545454,0.7142857142857143,0.7142857142857143,0.574468085106383,0.574468085106383,0.6,0.6,0.0,1.7089779810948065,0.0681818181818181,0.8571428571428571,71.06472852576307,0.8571428571428571,0.4430379746835443,46.20936452435629,0.4875,0.0,0.2834803809754815,0.5,100,9
fertility,Mod,0.65,0.83,0.7,0.7,0.25,0.39,0.6341463414634146,70.35359752541316,0.8048780487804879,1.0,85.32806178056467,1.0,0.6590909090909091,73.52211996511708,0.8260869565217391,1.0,90.74577361535806,1.0,0.717391304347826,0.717391304347826,0.8333333333333334,0.8333333333333334,0.6829268292682927,0.6829268292682927,0.8,0.8,0.2391304347826087,31.83323926452477,0.391304347826087,0.1666666666666666,14.899305305311405,0.1666666666666666,0.2391304347826087,31.598359721551056,0.391304347826087,0.2857142857142857,28.305282417110988,0.2857142857142857,100,9
flare,Default,0.4296435272045028,0.4315196998123827,0.5150093808630394,0.5150093808630394,0.4662288930581613,0.5,0.1222030981067125,12.49465727405534,0.1290877796901893,1.0,100.00000000000004,1.0,0.3726937269372694,37.3459243011843,0.3745364647713226,1.0,100.00000000000004,1.0,0.3590361445783132,0.3590361445783132,0.7058823529411765,0.7058823529411765,0.5421686746987951,0.5421686746987951,0.5,0.5,0.0457831325301204,5.019637930401595,0.0650602409638554,0.6941176470588235,72.87811750102067,0.788235294117647,0.5105067985166872,51.44162932651248,0.5215782983970407,0.1875,31.15570617937547,0.4705882352941176,1066,10
flare,Mod,0.5600375234521576,0.7945590994371482,1.0,1.0,0.2054409005628517,0.4399624765478424,0.4131054131054131,51.75800528086955,0.7236467236467237,0.6017699115044248,62.845922408014026,0.7168141592920354,0.6254545454545455,70.46627852542038,0.8252252252252252,0.4705882352941176,52.34283002587589,0.627906976744186,1.0,1.0,1.0,1.0,1.0,1.0,1.0,1.0,0.1407129455909943,24.424069090241016,0.3545966228893058,0.217391304347826,33.0653625899339,0.4202898550724637,0.1747747747747747,28.769411969388724,0.3745454545454545,0.3720930232558139,47.20639079436151,0.5294117647058824,1066,10
glass,Default,0.4065420560747663,0.4626168224299065,0.4906542056074766,0.4906542056074766,0.4018691588785046,0.4392523364485981,0.0598290598290598,7.862876882785658,0.1111111111111111,0.3333333333333333,43.95667618575546,0.5,0.4148936170212766,42.46214851972221,0.4438502673796791,0.0,0.0,0.0,0.4368932038834951,0.4368932038834951,0.0,0.0,0.5042735042735043,0.5042735042735043,0.1666666666666666,0.1666666666666666,0.0,0.8632854755131074,0.0388349514563106,0.4,27.939015512650386,0.4,0.4491978609625668,45.56124474869053,0.4705882352941176,0.0,0.0,0.0,214,9
glass,Mod,0.8738317757009346,0.9392523364485982,0.9439252336448598,0.9439252336448598,0.0514018691588785,0.116822429906542,0.3809523809523809,50.5426415295532,0.6666666666666666,0.7142857142857143,71.88930398002807,0.7142857142857143,0.9301075268817204,94.4856641862511,0.962566844919786,0.3333333333333333,28.8201739474996,0.5,0.978021978021978,0.978021978021978,0.5,0.5,0.8095238095238095,0.8095238095238095,0.8571428571428571,0.8571428571428571,0.0109890109890109,3.2821884704545496,0.0494505494505494,0.0,1.8177552637045296,1.0,0.0374331550802139,5.473537054780332,0.0648648648648648,0.5,25.59370494859545,1.0,214,9
ionosphere,Default,0.5925925925925926,0.6552706552706553,0.5868945868945868,0.5868945868945868,0.4045584045584046,0.4273504273504273,0.0138888888888888,2.3804375219040383,0.0555555555555555,0.6911764705882353,75.33985358765197,0.8235294117647058,0.6787330316742082,68.36388259483624,0.6909090909090909,0.3225806451612903,45.55745732839404,0.6,0.7551020408163265,0.7551020408163265,0.4545454545454545,0.4545454545454545,0.5,0.5,0.2058823529411764,0.2058823529411764,0.0,0.4143880960683654,0.0,0.6868686868686869,70.25422936117326,0.7171717171717171,0.334841628959276,33.85548147422972,0.3378378378378378,0.0,4.474760950551851,0.125,351,33
ionosphere,Mod,0.7806267806267806,0.8490028490028491,0.945868945868946,0.945868945868946,0.188034188034188,0.2507122507122507,0.2,41.91615735388328,0.5333333333333333,0.5106382978723404,58.84472495704149,0.6382978723404256,0.9420289855072465,95.88384690386536,0.966346153846154,0.6933333333333334,73.83723138368259,0.7763157894736842,0.995049504950495,0.995049504950495,1.0,1.0,0.9333333333333332,0.9333333333333332,1.0,1.0,0.0594059405940594,5.984619671599788,0.0891089108910891,0.2571428571428571,31.15044661270558,0.3714285714285714,0.073170731707317,7.650105159077047,0.0891089108910891,0.2876712328767123,34.44390382799513,0.3714285714285714,351,33
kc3,Default,0.8537117903930131,0.8799126637554585,0.5458515283842795,0.5458515283842795,0.5087336244541485,0.5611353711790393,0.0,12.297430654293686,0.2727272727272727,0.8484848484848485,84.00025492044048,0.7575757575757576,0.9705882352941176,97.54566695496338,0.9789473684210528,0.0,12.237261647707996,0.2727272727272727,1.0,1.0,0.4545454545454545,0.4545454545454545,1.0,1.0,0.6363636363636364,0.6363636363636364,0.1153846153846153,12.996711340150204,0.1634615384615384,0.7727272727272727,84.85226524286291,0.9545454545454546,0.5093333333333333,51.88525820520563,0.5335120643431636,0.1666666666666666,50.79251232755704,0.75,458,39
kc3,Mod,0.7489082969432315,0.8013100436681223,0.5895196506550219,0.5895196506550219,0.3515283842794759,0.408296943231441,0.0980392156862745,15.14432264765479,0.2549019607843137,0.7037037037037037,81.15153801614741,0.8518518518518519,0.8736263736263736,88.20711398522255,0.8956043956043956,0.1111111111111111,38.669050982114726,0.5555555555555556,0.8666666666666667,0.8666666666666667,0.35,0.35,0.2941176470588235,0.2941176470588235,0.5185185185185185,0.5185185185185185,0.0851851851851851,11.115267732004387,0.137037037037037,0.8,79.52317116278435,0.8,0.3214285714285714,34.04468628877494,0.3581267217630854,0.5555555555555556,53.97929258521325,0.5,458,39
letter,Default,0.48125,0.52,0.8225,0.8225,0.48125,0.51875,0.0788381742738589,10.018923998518243,0.1230982019363762,0.96,88.696006120475,0.96,0.5059347181008902,51.83285887216089,0.5293244246473645,0.875,71.41594515926549,0.8571428571428571,0.8453333333333334,0.8453333333333334,1.0,1.0,0.8395573997233748,0.8395573997233748,1.0,1.0,0.0826666666666666,10.012238100949409,0.1186666666666666,0.92,90.31422030983472,0.96,0.4892353377876763,50.027634263548734,0.5096439169139466,0.4285714285714285,49.721164137360624,0.75,1600,32
letter,Mod,0.87125,0.88375,0.655625,0.655625,0.349375,0.375625,0.0119047619047619,5.9137039267849465,0.0833333333333333,0.9125,93.44253721853316,0.95,0.9408410548823948,94.38693774644258,0.9451566951566952,0.0,8.822593594911362,0.5,0.95995995995996,0.95995995995996,0.16,0.16,0.5238095238095238,0.5238095238095238,0.475,0.475,0.053053053053053,6.42007005350474,0.072072072072072,0.84,93.48370593647276,1.0,0.3276474769012082,33.351328772559775,0.3383297644539614,0.2727272727272727,39.14193749611712,1.0,1600,32
lungcancer_GSE31210,Default,0.4469026548672566,0.5353982300884956,0.5398230088495575,0.5398230088495575,0.4557522123893805,0.5442477876106194,0.0631578947368421,10.093349267756974,0.1368421052631579,0.8333333333333334,88.88871106107413,1.0,0.4825581395348837,50.43486906038748,0.5260115606936416,0.5,52.3827594099082,1.0,0.5445544554455446,0.5445544554455446,0.625,0.625,0.5157894736842106,0.5157894736842106,0.25,0.25,0.0594059405940594,9.571928228509517,0.1386138613861386,0.7916666666666666,89.24843226094913,0.9166666666666666,0.4508670520231214,46.99779593740329,0.4941860465116279,0.0,15.0858649878943,0.5,226,23
lungcancer_GSE31210,Mod,0.7389380530973452,0.7920353982300885,1.0,1.0,0.2079646017699115,0.2610619469026549,0.04,9.41310064105122,0.16,0.8260869565217391,88.18024362735301,0.8695652173913043,0.8596491228070176,86.86298487140664,0.8786127167630058,0.0,13.74036470663964,0.5,1.0,1.0,1.0,1.0,1.0,1.0,1.0,1.0,0.0843373493975903,10.55850075513054,0.1144578313253012,0.75,89.88652144431335,1.0,0.1213872832369942,13.12114993436644,0.1403508771929824,0.5,63.44651116882761,1.0,226,23
lympho,Default,0.4797297297297297,0.5878378378378378,0.5,0.5,0.4391891891891892,0.5472972972972973,0.0579710144927536,9.779392073144788,0.1739130434782608,0.6,86.11448666035291,1.0,0.4961240310077519,51.3962098784416,0.5511811023622047,0.0,0.8420349255660748,0.0,0.527027027027027,0.527027027027027,0.1666666666666666,0.1666666666666666,0.4927536231884058,0.4927536231884058,0.0,0.0,0.0405405405405405,8.842944033155472,0.1486486486486486,0.8333333333333334,86.21575397481584,1.0,0.4453125,47.36596395852109,0.5039370078740157,0.0,0.0,0.0,148,18
lympho,Mod,0.4864864864864865,0.6081081081081081,0.8378378378378378,0.8378378378378378,0.3918918918918919,0.527027027027027,0.3043478260869565,37.550269279895886,0.4782608695652174,0.0,0.0,0.0,0.6404494382022472,68.26732727680653,0.7333333333333333,1.0,68.81932790314265,1.0,0.8829787234042553,0.8829787234042553,1.0,1.0,0.7608695652173914,0.7608695652173914,0.0,0.0,0.3085106382978723,36.27103557561954,0.4148936170212766,0.5,60.53848077543454,0.6666666666666666,0.2857142857142857,33.57384754673687,0.3888888888888889,0.0,0.0,0.0,148,18
mw1,Default,0.5409429280397022,0.6004962779156328,0.7270471464019851,0.7270471464019851,0.4789081885856079,0.533498759305211,0.0684931506849315,9.2785289990721,0.136986301369863,0.8333333333333334,90.35732016272036,1.0,0.592814371257485,60.52684448076467,0.6227544910179641,0.0,33.739959392595615,1.0,0.824468085106383,0.824468085106383,0.8823529411764706,0.8823529411764706,0.773972602739726,0.773972602739726,0.8333333333333334,0.8333333333333334,0.0744680851063829,10.481980733919674,0.1382978723404255,0.8823529411764706,89.63072246303896,0.8235294117647058,0.4821428571428571,49.7874343112948,0.5178571428571429,0.5,14.470934982320564,0.25,403,37
mw1,Mod,0.7791563275434243,0.8238213399503722,0.4441687344913151,0.4441687344913151,0.543424317617866,0.607940446650124,0.0263157894736842,10.788098478074646,0.2368421052631578,0.8333333333333334,88.16516849433349,1.0,0.8878787878787879,89.81279405389694,0.91131498470948,0.0,3.4306466115034078,1.0,0.910828025477707,0.910828025477707,0.2272727272727272,0.2272727272727272,0.631578947368421,0.631578947368421,0.2916666666666667,0.2916666666666667,0.0828025477707006,12.188861988987464,0.1656050955414012,0.9090909090909092,89.79598375002458,0.9545454545454546,0.5623100303951368,58.193215986139855,0.600609756097561,0.3333333333333333,14.85033269903424,0.5,403,37
optdigits,Default,0.4179447852760736,0.4348159509202454,0.4998082822085889,0.4998082822085889,0.4921395705521472,0.5074769938650306,0.0939686771076308,10.077155279678935,0.1062979006997667,0.9344262295081968,92.15421871094844,0.9508196721311476,0.4029424681598594,40.77276641047654,0.4118421052631579,0.6,60.23470188860947,0.8125,0.4065804935370152,0.4065804935370152,0.6170212765957447,0.6170212765957447,0.4951682772409197,0.4951682772409197,0.4098360655737705,0.4098360655737705,0.0932236584410497,9.999572102504263,0.1073247160203682,0.946808510638298,92.2561781484523,0.9361702127659576,0.4914323374340949,49.57252715371445,0.499890278692122,0.375,36.5349246274683,0.5384615384615384,5216,64
optdigits,Mod,0.5272239263803681,0.566909509202454,1.0,1.0,0.433090490797546,0.4727760736196319,0.1964367291000456,19.839035715673845,0.0,0.875,81.65241593316442,1.0,0.5593687374749499,56.7851573418914,0.5679036715357284,0.6296296296296297,41.90621621430318,0.0,1.0,1.0,1.0,1.0,1.0,1.0,1.0,1.0,0.0,19.855131483399827,0.2238442822384428,1.0,81.93150661349134,0.7571428571428571,0.4320963284642716,43.2128684949793,0.4406312625250501,0.0,48.66148297940522,0.3703703703703703,5216,64
pc1,Default,0.1000901713255184,0.1000901713255184,0.4995491433724076,0.4995491433724076,0.4806131650135257,0.5329125338142471,0.0978682170542635,9.938766187706303,0.0978682170542635,0.0,0.0,0.0,0.0,0.0,0.0,1.0,100.00000000000004,1.0,0.0,0.0,1.0,1.0,0.4970930232558139,0.4970930232558139,0.0,0.0,0.0732177263969171,11.07051469378932,0.1310211946050096,0.7804878048780488,89.90762467392288,0.975609756097561,0.4866595517609391,50.366837517685326,0.5140086206896551,0.4375,45.542218873760376,0.8571428571428571,1109,21
pc1,Mod,0.8169522091974752,0.8403967538322813,0.4905320108205591,0.4905320108205591,0.5013525698827773,0.5374211000901713,0.0476190476190476,8.421072750178196,0.1666666666666666,0.8703703703703703,91.25923881803864,0.9074074074074074,0.9143468950749464,91.80556916112604,0.9251336898395722,0.125,33.41753318722768,0.4444444444444444,0.931958762886598,0.931958762886598,0.3243243243243243,0.3243243243243243,0.6071428571428571,0.6071428571428571,0.5370370370370371,0.5370370370370371,0.0659793814432989,9.574053179131994,0.1092783505154639,0.8378378378378378,90.46780900593086,0.972972972972973,0.5175718849840255,53.0576932349236,0.5369774919614148,0.5384615384615384,53.13938675075605,0.8571428571428571,1109,21
pima,Default,0.484375,0.5260416666666666,0.72265625,0.72265625,0.4778645833333333,0.52734375,0.0818181818181818,9.996113346319303,0.1045454545454545,0.8666666666666667,89.6422462259267,0.923809523809524,0.5521064301552107,56.04221996777012,0.5679824561403509,0.5,58.889617966884245,0.7575757575757576,0.7133105802047781,0.7133105802047781,0.7966101694915254,0.7966101694915254,0.6181818181818182,0.6181818181818182,0.6571428571428571,0.6571428571428571,0.0750853242320819,9.628964633430709,0.1262798634812286,0.8757062146892656,90.01417669027308,0.9265536723163842,0.401766004415011,41.18846278387563,0.4285714285714285,0.2666666666666666,33.37485640713024,0.48,768,8
pima,Mod,0.765625,0.7916666666666666,0.6328125,0.6328125,0.3567708333333333,0.4192708333333333,0.1111111111111111,12.997258502771244,0.1851851851851851,0.8660714285714286,87.25351733293125,0.8794642857142857,0.8894009216589862,89.28985633716019,0.8993135011441648,0.0625,15.992210383537667,0.2285714285714285,0.9049079754601228,0.9049079754601228,0.22,0.22,0.4259259259259259,0.4259259259259259,0.6517857142857143,0.6517857142857143,0.1012269938650306,12.71188519673751,0.1503067484662576,0.84,86.86621811212412,0.92,0.3248847926267281,34.82264729922687,0.3617511520737327,0.5,61.49862683389089,0.75,768,8
satellite,Default,0.4904428904428904,0.5084693084693085,0.797047397047397,0.797047397047397,0.4912198912198912,0.5058275058275058,0.0839731285988483,9.86255626654492,0.1055662188099808,0.8968957871396895,89.84162375292934,0.8902439024390244,0.5185372005044137,52.58994626118,0.5321285140562249,0.5550239234449761,55.40040718345003,0.5657894736842105,0.7589393330654881,0.7589393330654881,0.8264525993883792,0.8264525993883792,0.7120921305182342,0.7120921305182342,0.7483370288248337,0.7483370288248337,0.0847730012053033,9.991533319817924,0.1028525512253917,0.8883792048929664,89.90159361998782,0.8990825688073395,0.4282128514056225,43.45732025109572,0.4378147029204431,0.3596491228070175,35.69648197801737,0.3888888888888889,6435,36
satellite,Mod,0.719036519036519,0.8335664335664336,0.3902097902097902,0.3902097902097902,0.6041958041958042,0.6786324786324787,0.1631205673758865,1.5152090448472708,0.0,0.8105187319884726,94.33055146975587,1.0,0.903986981285598,90.3931128408952,0.9038417822232324,0.2754820936639118,2.059985988638146,0.0,0.9177215189873418,0.9177215189873418,0.3244604316546762,0.3244604316546762,0.723404255319149,0.723404255319149,0.3234870317002882,0.3234870317002882,0.1455696202531645,1.5081731523301318,0.0,0.802158273381295,94.26353385795892,1.0,0.6707317073170732,67.67774687597158,0.6767447147078881,0.2486338797814207,2.032966691296287,0.0,6435,36
satimage-2,Default,0.4888850594520076,0.5064621747372049,0.7515078407720145,0.7515078407720145,0.4935378252627951,0.5080130966741341,0.0893361581920904,9.982661852176856,0.106638418079096,1.0,62.66331316289414,1.0,0.4999030444056622,50.58495745902549,0.509594882729211,1.0,98.3770313216612,1.0,0.7514650120648052,0.7514650120648052,0.9859154929577464,0.9859154929577464,0.745409604519774,0.745409604519774,0.0,0.0,0.0934160634264046,9.942978666451246,0.1078938297138917,0.9014084507042254,90.69532477944593,0.9295774647887324,0.4902112812560574,49.35660095678862,0.4981578437075819,0.0,0.0,0.0,5803,36
satimage-2,Mod,0.8116491469929347,0.8978114768223333,0.5545407547820093,0.5545407547820093,0.4397725314492504,0.4614854385662588,0.0745697896749522,5.285400107684577,0.0,1.0,39.12888557303689,1.0,0.9059646395958812,90.88288041420006,0.9087578506629448,1.0,31.230646234212564,0.0,0.9143835616438356,0.9143835616438356,1.0,1.0,0.4741873804971319,0.4741873804971319,1.0,1.0,0.0,5.298302585783338,0.110211706102117,1.0,92.24483254616862,0.875,0.4396371249127704,43.991886764270326,0.4449407651971256,0.0,18.85690975148709,0.5555555555555556,5803,36
spambase,Default,0.4883720930232558,0.5066289936970224,0.5453162356009563,0.5453162356009563,0.4990219517496196,0.5177135405346663,0.0990320178704393,10.418769138608749,0.1131794489947877,0.8925233644859814,90.92711672477296,0.919392523364486,0.5140562248995983,51.68895693926861,0.5216867469879518,0.4320987654320987,51.81487014364812,0.5740740740740741,0.5585106382978723,0.5585106382978723,0.5939759036144578,0.5939759036144578,0.5673864482501861,0.5673864482501861,0.6063084112149533,0.6063084112149533,0.1170212765957446,11.880867641197506,0.1329787234042553,0.9192771084337348,91.21720976829356,0.9180722891566264,0.5291734197730956,53.42588157655903,0.5419510236852669,0.5214285714285715,54.75442854978822,0.5828220858895705,4601,57
spambase,Mod,0.9576179091501849,0.9591393175396652,0.7622256031297544,0.7622256031297544,0.230602043034123,0.2340795479243642,0.0,0.3781812564045317,0.0080645161290322,0.9937677053824364,99.5704494441078,0.9977337110481588,0.9553314121037464,95.54896552204634,0.9556277056277056,0.0,0.6825829988439525,0.3333333333333333,0.9646399310047434,0.9646399310047434,0.0425894378194207,0.0425894378194207,0.3387096774193548,0.3387096774193548,0.681586402266289,0.681586402266289,0.0043122035360068,0.5352827934656079,0.006899525657611,0.9931856899488928,99.6419875684969,0.9982964224872232,0.1673278038225748,16.818776489171807,0.1691919191919192,0.5,71.72880690703369,0.8571428571428571,4601,57
thoracic_surgery,Default,0.4595744680851064,0.5361702127659574,0.6063829787234043,0.6063829787234043,0.4787234042553192,0.5212765957446809,0.0673575129533678,9.426254576912283,0.1088082901554404,0.8571428571428571,89.75163723449651,0.8571428571428571,0.4972067039106145,51.53492665887013,0.532608695652174,0.2,56.03524211357893,0.7333333333333333,0.6345177664974619,0.6345177664974619,0.6774193548387096,0.6774193548387096,0.6269430051813472,0.6269430051813472,0.6428571428571429,0.6428571428571429,0.0812182741116751,10.180133219953658,0.1218274111675127,0.9032258064516128,90.47453335509836,0.967741935483871,0.4958217270194986,50.92326437912042,0.5181058495821727,0.5,51.658977904935526,0.8333333333333334,470,17
thoracic_surgery,Mod,0.7170212765957447,0.7680851063829788,0.5297872340425532,0.5297872340425532,0.4382978723404255,0.5148936170212766,0.0576923076923076,15.025381876709744,0.25,0.8823529411764706,85.46216382216181,0.9019607843137256,0.8541666666666666,87.032331928851,0.884272997032641,0.25,21.998557582735582,0.4444444444444444,0.883177570093458,0.883177570093458,0.21875,0.21875,0.5192307692307693,0.5192307692307693,0.5098039215686274,0.5098039215686274,0.1214953271028037,15.060194571581064,0.1869158878504672,0.78125,84.76267490388891,0.875,0.4454277286135693,46.29823226970153,0.488235294117647,0.3636363636363636,48.80437567533345,0.6666666666666666,470,17
thyroid,Default,0.4371686108165429,0.4435312831389183,0.4973488865323436,0.4973488865323436,0.3995227995758218,0.4000530222693531,0.0901368570080226,8.922366290216386,0.0929683813119395,0.4117647058823529,45.64971700136145,0.5,0.4239617567971318,42.42315656609856,0.4262686567164179,0.5555555555555556,62.95655997619978,0.6458333333333334,0.4199363732767762,0.4199363732767762,0.6373626373626373,0.6373626373626373,0.4837187352524776,0.4837187352524776,0.0294117647058823,0.0294117647058823,0.0,0.0,0.0,0.5054945054945055,44.652336234732495,0.5934065934065934,0.4365103077382731,43.73124759063862,0.4354983537862915,0.0,0.0,0.0,3772,6
thyroid,Mod,0.9164899257688228,0.9419406150583244,0.9233828207847296,0.9233828207847296,0.0137857900318133,0.0429480381760339,0.5598591549295775,62.67082427475217,0.6901408450704225,1.0,94.96162391874935,1.0,0.9628418549346016,96.86210607840204,0.973925925925926,1.0,97.75487627906564,1.0,0.9647302904564315,0.9647302904564315,0.9347826086956522,0.9347826086956522,0.5809859154929577,0.5809859154929577,0.8695652173913043,0.8695652173913043,0.0068168346176644,1.2447356009078343,0.0240071132187314,0.1521739130434782,8.64373157150644,0.2826086956521739,0.0056379821958456,1.1640705939609206,0.0202320737875632,0.0714285714285714,5.544335728905871,0.0,3772,6
vertebral,Default,0.4541666666666666,0.5541666666666667,0.8458333333333333,0.8458333333333333,0.4583333333333333,0.55,0.0454545454545454,9.828989847780528,0.1545454545454545,0.9523809523809524,90.97811603204572,1.0,0.4414893617021276,47.60541087984299,0.5026737967914439,0.5,12.933058985789703,1.0,0.8490566037735849,0.8490566037735849,0.4375,0.4375,0.8545454545454545,0.8545454545454545,0.5714285714285714,0.5714285714285714,0.0660377358490566,10.300007922060024,0.1509433962264151,0.8125,90.31620215440532,1.0,0.4761904761904761,49.71741409239326,0.5212765957446809,0.0,17.729917519800093,1.0,240,6
vertebral,Mod,0.7833333333333333,0.8416666666666667,0.5291666666666667,0.5291666666666667,0.4125,0.5041666666666667,0.0,7.704033300252064,0.2692307692307692,0.896551724137931,89.38752837249619,0.9310344827586208,0.8617021276595744,87.68584548361439,0.8983957219251337,0.0,0.4236956582370037,0.0,0.8728813559322034,0.8728813559322034,0.0,0.0,0.4230769230769231,0.4230769230769231,0.4482758620689655,0.4482758620689655,0.0677966101694915,9.787909966533132,0.1610169491525423,0.6875,89.05564001778198,0.9375,0.4210526315789473,43.53337107316217,0.4677419354838709,0.0,25.10938571478652,0.0,240,6
visualizing_livestock,Default,0.3923076923076923,0.5923076923076923,0.823076923076923,0.823076923076923,0.4230769230769231,0.6153846153846154,0.0,4.948263476559125,0.2222222222222222,0.7692307692307693,85.39110530118741,1.0,0.431578947368421,47.595529842465126,0.5483870967741935,0.0,6.812692027634635,1.0,0.8333333333333334,0.8333333333333334,0.9,0.9,0.8518518518518519,0.8518518518518519,0.9230769230769232,0.9230769230769232,0.0,9.805316849504456,0.2083333333333333,0.7,92.18892717913644,1.0,0.5,55.1297846352405,0.6,0.0,20.62301978476295,1.0,130,2
visualizing_livestock,Mod,0.6153846153846154,0.8538461538461538,0.6615384615384615,0.6615384615384615,0.3076923076923077,0.4846153846153846,0.0,11.6535193720218,0.6086956521739131,0.6956521739130435,81.63746422779069,0.9130434782608696,0.735632183908046,78.30103163268011,0.8928571428571429,0.0,2.0084456890363764,0.3333333333333333,0.8088235294117647,0.8088235294117647,0.25,0.25,0.4347826086956521,0.4347826086956521,0.8695652173913043,0.8695652173913043,0.1470588235294117,19.36091099951486,0.25,1.0,81.01382665323362,1.0,0.2926829268292683,35.341675323909136,0.4137931034482758,1.0,68.05645334873661,1.0,130,2
vowels,Default,0.4210164835164835,0.4512362637362637,0.4986263736263736,0.4986263736263736,0.4526098901098901,0.4910714285714285,0.0865853658536585,9.887659830422932,0.1109756097560975,0.7894736842105263,74.16476985493246,0.7894736842105263,0.4102362204724409,41.94672887402317,0.4268867924528302,0.6,61.0919447560175,0.6666666666666666,0.4146005509641873,0.4146005509641873,0.6222222222222222,0.6222222222222222,0.4817073170731707,0.4817073170731707,0.1052631578947368,0.1052631578947368,0.0537190082644628,6.715934549802148,0.0922865013774104,0.6666666666666666,74.49878746211259,0.7777777777777778,0.4615987460815047,46.810903449759685,0.4815106215578285,0.0625,5.511189554370658,0.0909090909090909,1456,12
vowels,Mod,0.8125,0.8509615384615384,1.0,1.0,0.1490384615384615,0.1875,0.0895522388059701,16.27398493328246,0.2835820895522388,0.5161290322580645,72.15742118802486,0.7096774193548387,0.9042386185243328,91.19386010493731,0.9244094488188976,0.1666666666666666,34.589814758959335,0.3571428571428571,1.0,1.0,1.0,1.0,1.0,1.0,1.0,1.0,0.0770440251572327,8.994714398105165,0.0943396226415094,0.7368421052631579,74.33812984502507,0.8421052631578947,0.0755905511811023,8.798483805986779,0.0957613814756671,0.6428571428571429,62.08235110842549,0.8333333333333334,1456,12
wbc,Default,0.4179894179894179,0.4338624338624338,0.4682539682539682,0.4682539682539682,0.3941798941798942,0.3941798941798942,0.0762331838565022,7.472609614183533,0.0807174887892376,1.0,100.00000000000004,1.0,0.3795180722891566,38.13456445943721,0.3862275449101796,1.0,100.00000000000004,1.0,0.3298429319371728,0.3298429319371728,0.9047619047619048,0.9047619047619048,0.4260089686098655,0.4260089686098655,0.0,0.0,0.0,0.0,0.0,0.3333333333333333,30.80171641256428,0.3333333333333333,0.4264264264264264,42.72825087818028,0.4264264264264264,0.0,0.0,0.0,378,30
wbc,Mod,0.9232804232804231,0.9444444444444444,0.917989417989418,0.917989417989418,0.0529100529100529,0.074074074074074,0.4814814814814814,54.20482261071639,0.6296296296296297,0.4285714285714285,49.02610411647416,0.7142857142857143,0.9583333333333334,96.32209132236665,0.9700598802395208,0.7333333333333333,75.82669972165074,0.8461538461538461,0.960843373493976,0.960843373493976,0.8181818181818182,0.8181818181818182,0.5185185185185185,0.5185185185185185,0.7142857142857143,0.7142857142857143,0.0180722891566265,2.5592361332237843,0.0301204819277108,0.0,0.0,0.0,0.0297619047619047,3.5793393930793087,0.0416666666666666,0.2666666666666666,23.859347278748647,0.2666666666666666,378,30
wine,Default,0.4418604651162791,0.5503875968992248,0.5736434108527132,0.5736434108527132,0.4573643410852713,0.5503875968992248,0.0517241379310344,9.942541555810656,0.1551724137931034,1.0,86.65269801266491,1.0,0.4811320754716981,51.36722583640942,0.5420560747663551,0.0,8.937219034449674,1.0,0.5692307692307692,0.5692307692307692,0.7,0.7,0.5172413793103449,0.5172413793103449,0.0,0.0,0.0615384615384615,10.024154786870326,0.1538461538461538,0.7,89.82445286812457,1.0,0.4403669724770642,45.464398109292354,0.4811320754716981,0.0,0.0,0.0,129,13
wine,Mod,0.7364341085271318,0.8449612403100775,0.4496124031007752,0.4496124031007752,0.5348837209302325,0.6434108527131783,0.0,9.9527157883889,0.3888888888888889,0.8888888888888888,84.9067065708772,0.7777777777777778,0.8285714285714286,85.06540668978317,0.8962264150943396,0.0,0.8642325654892629,0.0,0.8888888888888888,0.8888888888888888,0.1666666666666666,0.1666666666666666,0.7222222222222222,0.7222222222222222,0.4444444444444444,0.4444444444444444,0.0444444444444444,10.46047960560441,0.2,0.8333333333333334,81.49597451258475,1.0,0.5904761904761905,61.99625449963947,0.6538461538461539,0.0,3.979467017102108,0.0,129,13
