Filename,Mode,MatvR_Min,MatvR_Max,RvSk_Min,RvSk_Max,MatvSk_Min,MatvSk_Max,r_tp_m_fn_per_min,r_tp_m_fn_avg,r_tp_m_fn_per_max,r_tn_m_fp_per_min,r_tn_m_fp_avg,r_tn_m_fp_per_max,m_tp_r_fn_per_min,m_tp_r_fn_avg,m_tp_r_fn_per_max,m_tn_r_fp_per_min,m_tn_r_fp_avg,m_tn_r_fp_per_max,s_tp_r_fn_per_min,s_tp_r_fn_avg,s_tp_r_fn_per_max,s_tn_r_fp_per_min,s_tn_r_fp_avg,s_tn_r_fp_per_max,r_tp_s_fn_per_min,r_tp_s_fn_avg,r_tp_s_fn_per_max,r_tn_s_fp_per_min,r_tn_s_fp_avg,r_tn_s_fp_per_max,s_tp_m_fn_per_min,s_tp_m_fn_avg,s_tp_m_fn_per_max,s_tn_m_fp_per_min,s_tn_m_fp_avg,s_tn_m_fp_per_max,m_tp_s_fn_per_min,m_tp_s_fn_avg,m_tp_s_fn_per_max,m_tn_s_fp_per_min,m_tn_s_fp_avg,m_tn_s_fp_per_max
CastMetal1,Default,0.01834862385321101,0.03058103975535168,0.012232415902140673,0.045871559633027525,0.0,0.039755351681957186,0.011320754716981131,1.4539781756247048,0.018867924528301886,0.0,0.0,0.0,0.0,0.01925526065043104,0.0038314176245210726,0.3333333333333333,38.59735180779532,0.4444444444444444,0.0037593984962406013,0.02565637115527797,0.0,0.3333333333333333,43.379424923658796,0.5833333333333334,0.0,1.0864485843421257,0.03007518796992481,0.0,0.06080043060675089,0.0,0.0,0.7589392023703738,0.011627906976744186,0.0,5.132669954468402,0.3333333333333333,0.0,0.4290790120135213,0.022988505747126436,0.0,0.8101506036566981,0.0
CastMetal1,Mod,0.01834862385321101,0.024464831804281346,0.01529051987767584,0.03058103975535168,0.0,0.01529051987767584,0.011320754716981131,1.1513752386779914,0.015037593984962405,0.0,0.0,0.0,0.0,0.0,0.0,0.3333333333333333,38.17607717798464,0.4444444444444444,0.0,0.0,0.0,0.4,43.18836461634341,0.5,0.0037735849056603774,0.9796268670221366,0.018796992481203006,0.0,0.0,0.0,0.0,0.3308939850854411,0.0076045627376425855,0.0,5.709987252877577,0.18181818181818182,0.0,0.1668411860045682,0.003816793893129771,0.0,0.009637727726836909,0.0
CostaMadre1,Default,0.016891891891891893,0.030405405405405407,0.006756756756756757,0.0472972972972973,0.0033783783783783786,0.04391891891891892,0.012448132780082987,1.8625276270574633,0.028925619834710745,0.0,0.0010416179817742677,0.0,0.0,0.007090607251921455,0.00423728813559322,0.2222222222222222,19.679553943652227,0.125,0.004132231404958678,0.19767424619258867,0.0,0.125,23.809261992568448,0.36363636363636365,0.0,1.4835852726772925,0.04132231404958678,0.0,0.056000524646355965,0.0,0.004201680672268907,1.0912165474163324,0.02531645569620253,0.0,5.780184985839608,0.2,0.0,0.5963466909140829,0.0211864406779661,0.0,2.1789135578035803,0.0
CostaMadre1,Mod,0.02364864864864865,0.030405405405405407,0.010135135135135136,0.04054054054054054,0.0,0.033783783783783786,0.012448132780082987,2.2573707366851585,0.028925619834710745,0.0,0.0,0.0,0.0,0.0,0.0,0.36363636363636365,29.233168082740907,0.2222222222222222,0.0,0.18314657982340643,0.00425531914893617,0.2222222222222222,26.657312677677552,0.3,0.004149377593360996,1.7014561378681807,0.03305785123966942,0.0,0.0,0.0,0.0,0.9764621473103738,0.01694915254237288,0.0,2.146126284401008,0.2,0.0,0.28168786004187596,0.01276595744680851,0.0,5.380978712796996,0.1111111111111111
KnuggetChase3,Default,0.0,0.030927835051546393,0.010309278350515464,0.05154639175257732,0.0,0.061855670103092786,0.0,0.03721668758546359,0.0,0.0,0.37759672290224255,0.125,0.0,1.3119790501564235,0.02027027027027027,0.0,8.327141912438043,0.2222222222222222,0.0,0.33960488906012665,0.013888888888888888,0.2,30.776342788980774,0.36363636363636365,0.0,0.8903358879957433,0.0273972602739726,0.0,0.016796718887005513,0.0,0.0,0.11205139413724474,0.0070921985815602835,0.0,23.631229056244397,0.3333333333333333,0.0,1.8815151818729183,0.047619047619047616,0.0,0.41993360245943756,0.0
KnuggetChase3,Mod,0.010309278350515464,0.02577319587628866,0.015463917525773196,0.041237113402061855,0.005154639175257732,0.03608247422680412,0.0,0.03176274588045014,0.00684931506849315,0.0,0.050147432362419586,0.0,0.0,0.0646679651989912,0.00684931506849315,0.2222222222222222,22.63388931972311,0.3,0.0,0.21897268814737925,0.006896551724137931,0.2727272727272727,35.518877660611224,0.4166666666666667,0.0,0.41479694399077327,0.0136986301369863,0.0,0.0041729862568831155,0.0,0.0,0.23396248567599987,0.013793103448275862,0.09090909090909091,17.229363348026844,0.3333333333333333,0.0,0.4635301902560678,0.006944444444444444,0.0,0.29174421113341786,0.0
KungChi3,Default,0.0,0.04065040650406504,0.016260162601626018,0.07317073170731707,0.0,0.08130081300813008,0.0,0.4168520918546328,0.010101010101010102,0.0,8.445893770932429,0.4,0.0,0.80577371940178,0.010101010101010102,0.0,2.6412553392393816,0.25,0.0,0.3935849093331172,0.010526315789473684,0.16666666666666666,24.680771562173994,0.375,0.010101010101010102,1.8067372397412758,0.050505050505050504,0.0,0.5314777842077145,0.0,0.0,0.0475050787937954,0.010526315789473684,0.0,28.119753459054444,0.5,0.0,1.6846729181944733,0.050505050505050504,0.0,0.22597521509532226,0.0
KungChi3,Mod,0.032520325203252036,0.056910569105691054,0.016260162601626018,0.04065040650406504,0.0,0.04065040650406504,0.020202020202020204,3.4113708921376054,0.04040404040404041,0.0,0.0,0.0,0.0,0.13515014062597208,0.010416666666666666,0.2857142857142857,28.57142857142856,0.2857142857142857,0.0,0.48203506497306003,0.0,0.16666666666666666,26.513879364185144,0.2857142857142857,0.01,1.3015971439120828,0.03,0.0,0.0,0.0,0.0,2.5608758970222634,0.030612244897959183,0.0,0.0,0.0,0.0,0.09596698733303177,0.010416666666666666,0.0,0.4648730976563953,0.14285714285714285
MeanWhile1,Default,0.011857707509881422,0.04743083003952569,0.007905138339920948,0.05138339920948617,0.003952569169960474,0.06719367588932806,0.009478672985781991,1.7470807885515933,0.03317535545023697,0.0,1.1551053800743447,0.5,0.0,0.08191489560540943,0.004878048780487805,0.14285714285714285,4.9584102183516165,0.25,0.0,0.02399639352230709,0.0,0.14285714285714285,13.611979147178495,0.3333333333333333,0.004739336492890996,2.0603402614825894,0.04739336492890995,0.0,0.8809359853089709,0.0,0.0,1.0095330186161515,0.01990049751243781,0.0,4.742813307563049,0.4444444444444444,0.004830917874396135,1.4774002402002884,0.043689320388349516,0.0,0.799756952724231,0.0
MeanWhile1,Mod,0.019762845849802372,0.03162055335968379,0.007905138339920948,0.03162055335968379,0.0,0.039525691699604744,0.018957345971563982,2.395022664582519,0.02843601895734597,0.0,0.05911493514184296,0.16666666666666666,0.0,0.0,0.0,0.14285714285714285,12.01625268407828,0.16666666666666666,0.0,0.0,0.0,0.14285714285714285,14.330033899456847,0.14285714285714285,0.004739336492890996,1.453132508877244,0.03317535545023697,0.0,0.05911493514184296,0.0,0.0,1.6116814424316366,0.0196078431372549,0.0,0.24263787730953035,0.14285714285714285,0.0,0.7134411070059519,0.024390243902439025,0.0,0.05508498624002267,0.0
MegaWatt1,Default,0.011857707509881422,0.03162055335968379,0.011857707509881422,0.04743083003952569,0.0,0.05928853754940711,0.009478672985781991,1.877052722951143,0.023696682464454975,0.0,3.571543471991954,0.16666666666666666,0.0,0.06505857407682125,0.004830917874396135,0.14285714285714285,4.158977787681826,0.16666666666666666,0.0,0.03190561619991672,0.0,0.25,14.004760736308805,0.25,0.004739336492890996,1.7922832263610506,0.04739336492890995,0.0,0.992127394086469,0.0,0.0,1.2412882743463136,0.024390243902439025,0.0,6.213807353694708,0.4444444444444444,0.0,1.2341449067007209,0.02912621359223301,0.0,0.7257289049017328,0.0
MegaWatt1,Mod,0.023715415019762844,0.03162055335968379,0.011857707509881422,0.03557312252964427,0.0,0.043478260869565216,0.023696682464454975,2.3874523554654488,0.02843601895734597,0.0,0.12172444584051001,0.16666666666666666,0.0,0.0,0.0,0.14285714285714285,14.374482014107231,0.16666666666666666,0.0,0.015763230343289525,0.0,0.14285714285714285,14.285714285714278,0.14285714285714285,0.009478672985781991,1.5553866825887912,0.037914691943127965,0.0,0.0,0.0,0.0,1.4824535358972804,0.03349282296650718,0.0,0.11524793945488065,0.14285714285714285,0.0,0.6860861598503072,0.014634146341463415,0.0,0.0,0.0
PieChart1,Default,0.05390070921985816,0.059574468085106386,0.03404255319148936,0.06666666666666667,0.0028368794326241137,0.028368794326241134,0.04654895666131621,4.899890284360903,0.05128205128205128,0.0,0.0,0.0,0.0,0.0,0.0,0.5,54.77930745224842,0.5555555555555556,0.0,0.0,0.0,0.4375,53.77496513622577,0.5789473684210527,0.027287319422150885,4.420051771431989,0.057692307692307696,0.0,0.0,0.0,0.0,1.036337502485857,0.011884550084889643,0.0,1.3225104172096889,0.05263157894736842,0.0033783783783783786,0.5615380039440656,0.01854974704890388,0.0,2.4853274618659706,0.05263157894736842
PieChart1,Mod,0.04822695035460993,0.0524822695035461,0.04113475177304964,0.062411347517730496,0.0014184397163120568,0.015602836879432624,0.04012841091492777,4.191634696698976,0.04326923076923077,0.0,0.0,0.0,0.0,0.0,0.0,0.5,54.00793448137008,0.5555555555555556,0.0,0.0,0.0,0.5,54.458152884524345,0.5789473684210527,0.03210272873194221,4.191752772831819,0.052884615384615384,0.0,0.0,0.0,0.001669449081803005,0.40154910030103963,0.00338409475465313,0.0,0.3933016391705284,0.05263157894736842,0.0,0.40107151942362496,0.01340033500837521,0.0,0.034424911882139364,0.0
PieChart2,Default,0.06174496644295302,0.06442953020134229,0.0348993288590604,0.056375838926174496,0.008053691275167786,0.0348993288590604,0.061079545454545456,6.288533410783172,0.062411347517730496,0.0,0.0,0.0,0.0,0.0,0.0,0.6,61.77422154453531,0.6666666666666666,0.0,0.008285121924455963,0.0,0.3333333333333333,43.16205419461362,0.6,0.03551136363636364,4.1476227459371735,0.05531914893617021,0.0,0.0,0.0,0.009009009009009009,2.2834803886441226,0.030973451327433628,0.0,0.09117309514275918,0.0,0.0,0.06908097947066283,0.004545454545454545,0.0,24.51966190845308,0.4
PieChart2,Mod,0.040268456375838924,0.042953020134228186,0.03355704697986577,0.04697986577181208,0.0,0.01476510067114094,0.041193181818181816,4.284654246374218,0.0425531914893617,0.0,0.0,0.0,0.0,0.0,0.0,0.3333333333333333,39.54102609927905,0.5,0.0,0.0,0.0,0.3333333333333333,39.6252956153225,0.6,0.03409090909090909,4.1480116967223015,0.04539007092198582,0.0,0.0,0.0,0.0,0.3941381776759352,0.00741839762611276,0.0,1.8195578039489626,0.25,0.0,0.2628969486916619,0.00741839762611276,0.0,1.7527940223451783,0.0
PieChart3,Default,0.06128133704735376,0.06499535747446611,0.034354688950789226,0.06592386258124419,0.008356545961002786,0.028783658310120707,0.05274725274725275,5.48685817028283,0.05592105263157895,0.0,0.0,0.0,0.0,0.0,0.0,0.72,72.63093409146096,0.7307692307692307,0.0,0.0,0.0,0.5625,66.56266794869673,0.72,0.03076923076923077,4.241307507525577,0.0581140350877193,0.0,0.0,0.0,0.00805523590333717,1.4101091932709915,0.023809523809523808,0.0,1.8535955113326401,0.0,0.0,0.1475800775082008,0.0,0.07407407407407407,18.142098799789032,0.38461538461538464
PieChart3,Mod,0.04828226555246054,0.0510677808727948,0.04271123491179202,0.056638811513463325,0.0,0.014856081708449397,0.041758241758241756,4.355208467041043,0.044956140350877194,0.0,0.0,0.0,0.0,0.0,0.0,0.6666666666666666,66.92826193691083,0.6666666666666666,0.0,0.0,0.0,0.631578947368421,66.73801933420594,0.7083333333333334,0.03736263736263736,4.137275929747823,0.04824561403508772,0.0,0.0,0.0,0.0,0.37697231517550445,0.004608294930875576,0.0,4.333615196979752,0.09090909090909091,0.0,0.15159427449411544,0.009174311926605505,0.0,4.778029361328852,0.09090909090909091
PizzaCutter1,Default,0.049924357034795766,0.0529500756429652,0.030257186081694403,0.060514372163388806,0.0030257186081694403,0.02723146747352496,0.047619047619047616,4.770075651738169,0.04591836734693878,0.0,0.0,0.0,0.0,0.0,0.0,0.3125,40.26104107261553,0.4444444444444444,0.0,0.0,0.0,0.3125,38.12261851012217,0.47368421052631576,0.025510204081632654,4.1147343657839075,0.05272108843537415,0.0,0.04909029331319714,0.0,0.003552397868561279,0.9866393483993312,0.02112676056338028,0.0,2.2988184262107465,0.13333333333333333,0.0,0.36597489924943427,0.0035842293906810036,0.0,3.96941192437965,0.13333333333333333
PizzaCutter1,Mod,0.046898638426626324,0.049924357034795766,0.036308623298033284,0.05597579425113464,0.0015128593040847202,0.018154311649016642,0.04251700680272109,4.457565104168252,0.04591836734693878,0.0,0.0,0.0,0.0,0.0,0.0,0.35294117647058826,39.98565575528791,0.375,0.0,0.0,0.0,0.3125,42.04039265593846,0.47368421052631576,0.03231292517006803,4.170824124052613,0.047619047619047616,0.0,0.0,0.0,0.0017730496453900709,0.5890527427171872,0.008896797153024912,0.0,3.5558043716859355,0.11764705882352941,0.0,0.30874612195936924,0.0071301247771836,0.0,0.9218885407031558,0.0625
PizzaCutter3,Default,0.05752636625119847,0.06327900287631831,0.03355704697986577,0.059443911792905084,0.005752636625119847,0.028763183125599234,0.04983012457531144,5.5355916029794425,0.055304740406320545,0.0,0.0,0.0,0.0,0.0,0.0,0.64,64.45852951498168,0.68,0.0,0.0,0.0,0.5,56.64654597934331,0.68,0.02944507361268403,4.183030616870757,0.050790067720090294,0.0,0.0,0.0,0.0047562425683709865,1.507891896707965,0.0246189917936694,0.04,1.0716202879518244,0.0,0.0,0.1542934812321648,0.003592814371257485,0.04,17.755545107640682,0.2608695652173913
PizzaCutter3,Mod,0.04218600191754554,0.04697986577181208,0.037392138063279005,0.05081495685522531,0.0009587727708533077,0.014381591562799617,0.03737259343148358,4.129402508100511,0.04288939051918736,0.0,0.0,0.0,0.0,0.0,0.0,0.55,56.77334604823356,0.5789473684210527,0.0,0.0,0.0,0.5263157894736842,56.40743710724579,0.6363636363636364,0.03284258210645526,3.9629906661435035,0.04401805869074492,0.0,0.0,0.0,0.001176470588235294,0.36333770622832606,0.007058823529411765,0.0,2.19823273575709,0.1,0.0,0.19574077071556562,0.005889281507656066,0.0,2.9698217961681483,0.1
analcatdata_apnea1,Default,0.016842105263157894,0.04421052631578947,0.783157894736842,0.8821052631578947,0.8084210526315789,0.9031578947368422,0.0,0.411998163169107,0.010899182561307902,0.1111111111111111,13.507158799751736,0.2727272727272727,0.018666666666666668,2.7072297930122287,0.034574468085106384,0.0,1.6410276371882682,0.1111111111111111,0.0,0.0,0.0,0.819672131147541,83.08613311665007,0.8524590163934426,0.8797814207650273,94.98571024235204,0.9972826086956522,0.0,0.0,0.0,0.0,0.0,0.0,0.8688524590163934,85.63655214848833,0.8524590163934426,0.8826666666666667,95.10127202416885,0.9973544973544973,0.0,0.0,0.0
analcatdata_apnea1,Mod,0.07789473684210527,0.08842105263157894,0.8168421052631579,0.8778947368421053,0.9031578947368422,0.9578947368421052,0.0,0.0,0.0,0.5555555555555556,57.788531813821685,0.5454545454545454,0.08,8.24464281370792,0.08955223880597014,0.0,0.0,0.0,0.0,0.0,0.0,0.819672131147541,83.30087251353649,0.8524590163934426,0.9234972677595629,97.009660981822,0.9918478260869565,0.0,0.0,0.0,0.0,0.0,0.0,0.9344262295081968,93.10558665210641,0.9180327868852459,0.93,97.2572372733134,0.9925373134328358,0.0,0.0,0.0
analcatdata_apnea2,Default,0.016842105263157894,0.04421052631578947,0.7642105263157895,0.88,0.7873684210526316,0.9010526315789473,0.0,0.39943306355934727,0.013774104683195593,0.0,13.54903401259024,0.3,0.0213903743315508,2.764321025339016,0.03504043126684636,0.0,1.2937450711546932,0.0,0.0,0.0,0.0,0.8275862068965517,84.1515957415918,0.84375,0.8677685950413223,94.27367890545815,0.994535519125683,0.0,0.0,0.0,0.0,0.0,0.0,0.8275862068965517,86.29112561806707,0.875,0.8716577540106952,94.4099020086865,0.9946524064171123,0.0,0.0,0.0
analcatdata_apnea2,Mod,0.10105263157894737,0.10736842105263159,0.8315789473684211,0.8757894736842106,0.9389473684210526,0.9768421052631578,0.0,0.0,0.0,0.8,82.29492634671344,0.8,0.09852216748768473,10.26964398935602,0.10591133004926108,0.0,0.0,0.0,0.0,0.0,0.0,0.84375,84.37499999999999,0.84375,0.9393939393939394,96.69430963481014,0.9890710382513661,0.0,0.0,0.0,0.0,0.0,0.0,0.96875,97.24774616991684,0.96875,0.9458128078817734,97.0348085204396,0.9901477832512315,0.0,0.0,0.0
analcatdata_apnea3,Default,0.015555555555555555,0.04666666666666667,0.7688888888888888,0.88,0.7933333333333333,0.8977777777777778,0.0,0.2767211923719519,0.008620689655172414,0.125,13.203190027383261,0.3333333333333333,0.01680672268907563,2.3580128952745056,0.036312849162011177,0.0,1.1795437041692725,0.25,0.0,0.0,0.0,0.8363636363636363,84.4211153752164,0.8518518518518519,0.8620689655172413,95.43130898591376,0.9971509971509972,0.0,0.0,0.0,0.0,0.0,0.0,0.8909090909090909,86.830272311859,0.8888888888888888,0.8651685393258427,95.52732277958359,0.9971988795518207,0.0,0.0,0.0
analcatdata_apnea3,Mod,0.08666666666666667,0.09777777777777778,0.82,0.8755555555555555,0.9155555555555556,0.9644444444444444,0.0,0.0,0.0,0.75,76.52359212895941,0.8888888888888888,0.0859375,8.889976207285022,0.09375,0.0,0.0,0.0,0.0,0.0,0.0,0.8363636363636363,84.57699463974491,0.8545454545454545,0.9281609195402298,96.7465988741865,0.9886039886039886,0.0,0.0,0.0,0.0,0.0,0.0,0.9636363636363636,96.46359623222091,0.9818181818181818,0.9348958333333334,97.03702562116133,0.9895833333333334,0.0,0.0,0.0
analcatdata_challenger,Default,0.5217391304347826,0.6086956521739131,0.0,0.043478260869565216,0.5652173913043478,0.6086956521739131,0.0,0.0,0.0,0.6666666666666666,66.66666666666652,0.6666666666666666,0.5714285714285714,57.78867273530785,0.64,0.0,0.0,0.0,0.0,0.0,0.0,0.0,0.0,0.0,0.0,8.894861762682991,0.11764705882352941,0.0,0.0,0.0,0.0,0.0,0.0,0.6666666666666666,66.66666666666652,0.6666666666666666,0.6218487394957983,62.328199707485325,0.64,0.0,0.0,0.0
analcatdata_challenger,Mod,0.2608695652173913,0.34782608695652173,0.0,0.043478260869565216,0.30434782608695654,0.34782608695652173,0.0,0.0,0.0,0.3333333333333333,33.60613153039993,0.5,0.4,40.72010724794013,0.5,0.0,0.0,0.0,0.0,0.0,0.0,0.0,0.0,0.0,0.0,8.894861762682991,0.11764705882352941,0.0,0.0,0.0,0.0,0.0,0.0,0.3333333333333333,33.60613153039993,0.5,0.47058823529411764,47.11595122533452,0.5,0.0,0.0,0.0
analcatdata_chlamydia,Default,0.13,0.18,0.7,0.77,0.86,0.92,0.0,0.10531952176549186,0.0,1.0,95.01733865431224,1.0,0.15492957746478872,18.102417995928292,0.2054794520547945,0,0.0,0,0.0,0.0,0,0.8333333333333334,88.42580542645176,0.8947368421052632,0.9482758620689655,99.06505554879263,1.0,0.0,0.0,0.0,0.0,0.0,0,1.0,99.56555128192129,1.0,0.9577464788732394,99.23492124820343,1.0,0,0.0,0
analcatdata_chlamydia,Mod,0.23,0.26,0.74,0.77,1.0,1.0,0.0,0.0,0.0,1.0,100.00000000000003,1.0,0.25925925925925924,27.843192140867743,0.2839506172839506,0,0.0,0,0,0.0,0,0.8421052631578947,88.50288835737089,0.8947368421052632,1.0,100.00000000000003,1.0,0.0,0.0,0.0,0,0.0,0,1.0,100.00000000000003,1.0,1.0,100.00000000000003,1.0,0,0.0,0
analcatdata_lawsuit,Default,0.07575757575757576,0.09848484848484848,0.0946969696969697,0.1590909090909091,0.17045454545454544,0.23863636363636365,0.0,0.07466122256005558,0.009615384615384616,0.2222222222222222,25.89490219407061,0.5,0.07964601769911504,8.334804407006503,0.08444444444444445,0.0,0.0,0.0,0.0053475935828877,0.17550887719448682,0.005747126436781609,0.23076923076923078,31.31214603543482,0.4,0.10144927536231885,14.532887528601684,0.16826923076923078,0.0,0.0,0.0,0.0,0.0005141804641650705,0.0,0.46153846153846156,50.71763152690393,0.5,0.17256637168141592,21.462824398656785,0.24669603524229075,0.0,0.0,0.0
analcatdata_lawsuit,Mod,0.11742424242424243,0.12878787878787878,0.10984848484848485,0.1553030303030303,0.011363636363636364,0.04924242424242424,0.13106796116504854,14.060793137201571,0.14423076923076922,0.0,0.0,0.0,0.0,0.0,0.0,0.3076923076923077,27.592526216656207,0.3076923076923077,0.0,0.027278475329864493,0.0,0.3076923076923077,30.70048629454683,0.4,0.12135922330097088,14.99264721023057,0.16826923076923078,0.0,0.0,0.0,0.011111111111111112,1.2612667018883106,0.03389830508474576,0.0,2.5594057452276147,0.0,0.00558659217877095,2.336141112727413,0.03932584269662921,0.0,0.0,0.0
analcatdata_neavote,Default,0.19,0.2,0.05,0.17,0.22,0.37,0.0,0.0,0.0,1.0,87.09903152869583,1.0,0.20481927710843373,20.761646901480546,0.21428571428571427,0,0.0,0,0.015873015873015872,0.10451389216737339,0.0,0.0,1.5276866593216023,0.3333333333333333,0.06060606060606061,16.138281721024978,0.24242424242424243,0.0,0.0,0.0,0.0,0.0,0.0,1.0,88.44554797503203,1.0,0.24096385542168675,33.61739726659506,0.40476190476190477,0,0.0,0
analcatdata_neavote,Mod,0.12,0.13,0.09,0.13,0.0,0.1,0.18181818181818182,19.077053040737898,0.19696969696969696,0.0,0.0,0.0,0.0,0.0,0.0,0.0,2.571558345319369,0.0,0.0,0.0,0.0,0.0,0.0,0.0,0.13636363636363635,15.843333836305117,0.19696969696969696,0.0,0.0,0.0,0.0,5.3030360800856995,0.10909090909090909,0.0,0.0,0.0,0.0,1.3640929331179046,0.07547169811320754,0.0,2.571558345319369,0.0
annthyroid,Default,0.08069444444444444,0.08319444444444445,0.06,0.08708333333333333,0.011944444444444445,0.03166666666666667,0.06494688922610015,6.579196876910693,0.06433990895295903,0.0,0.0,0.0,0.00016225864027259452,0.030439278248273194,0.0008102414519526819,0.7238095238095238,73.09673042310278,0.7555555555555555,0.0001593879502709595,0.0275891737185332,0.00016347882949158083,0.6627906976744186,70.25731222015462,0.7281553398058253,0.04810318664643399,5.787839903071286,0.07220873786407767,0.0,0.0,0.0,0.009702457956015523,1.3151537436235485,0.012959663048760733,0.021164021164021163,1.70911725628635,0.0,0.0024433946896888744,0.5052796528145505,0.01391810972649296,0.036458333333333336,10.46811628280137,0.2672413793103448
annthyroid,Mod,0.07055555555555555,0.07194444444444445,0.06472222222222222,0.07666666666666666,0.0043055555555555555,0.013888888888888888,0.05614567526555387,5.665092734080851,0.057663125948406675,0.0,0.0,0.0,0.00016074586079408456,0.03588513794115267,0.000643707756678468,0.7025641025641025,70.81920132216408,0.708994708994709,0.0001598976654940838,0.021167147561258925,0.0001618384851917786,0.6881720430107527,70.1499338651908,0.7098445595854922,0.05113808801213961,5.709676207204813,0.06280339805825243,0.0,0.0,0.0,0.0012888674077654262,0.36355221653500913,0.0035489595095983223,0.0053475935828877,1.1387584333546892,0.0,0.0027348777348777348,0.4269585237797928,0.008984437670463662,0.02617801047120419,3.116051658384835,0.10628019323671498
appendicitis,Default,0.0660377358490566,0.08490566037735849,0.03773584905660377,0.11320754716981132,0.09433962264150944,0.1792452830188679,0.0,0.0,0.0,0.5,54.20208304348893,0.6666666666666666,0.05194805194805195,5.950355771931517,0.06493506493506493,0.0,0.0,0.0,0.0,0.3938526893203189,0.015151515151515152,0.14285714285714285,20.247730578947646,0.3333333333333333,0.041666666666666664,5.548276626997995,0.1095890410958904,0.0,0.05911493514184296,0.0,0.0,0.003916622124611635,0.015151515151515152,0.4,66.44202078174605,0.7777777777777778,0.1038961038961039,10.745010141555175,0.14473684210526316,0.0,0.0,0.0
appendicitis,Mod,0.04716981132075472,0.0660377358490566,0.02830188679245283,0.08490566037735849,0.0,0.08490566037735849,0.05555555555555555,6.920772643309082,0.0821917808219178,0.0,0.0,0.0,0.0,0.0,0.0,0.14285714285714285,14.427037533665835,0.14285714285714285,0.0,0.08747534887215913,0.02857142857142857,0.0,24.1845354089354,0.3333333333333333,0.041666666666666664,5.209630734022307,0.05555555555555555,0.0,0.0,0.0,0.0,2.2694841557148737,0.07142857142857142,0.0,7.849246185518201,0.3333333333333333,0.0,0.3970928963913205,0.015151515151515152,0.0,0.16970065862917738,0.0
ar1,Default,0.049586776859504134,0.09090909090909091,0.0,0.05785123966942149,0.01652892561983471,0.10743801652892562,0.0,0.0713921969046949,0.020618556701030927,0.0,8.342794222208221,0.5,0.05825242718446602,6.484052591078807,0.06862745098039216,0.0,0.448083836397442,0.0,0.0,1.5271873726979082,0.03125,0.0,1.1073947899151912,0.25,0.0,0.8841245339199117,0.03125,0.0,0.3355176541024416,0.0,0.0,0.07945237640602065,0.021052631578947368,0.0,10.510850788810037,0.5,0.019230769230769232,5.601601661193624,0.08823529411764706,0.0,0.1863490304461839,0.0
ar1,Mod,0.01652892561983471,0.05785123966942149,0.0,0.049586776859504134,0.0,0.06611570247933884,0.0,0.9744123383769621,0.020618556701030927,0.0,0.0,0.0,0.020202020202020204,3.501706712729809,0.04040404040404041,0.0,1.3328836021761519,0.25,0.0,1.1607820117566323,0.04040404040404041,0.0,1.3328836021761519,0.25,0.0,0.37278163455803726,0.010416666666666666,0.0,0.0,0.0,0.0,1.2381282831525802,0.021052631578947368,0.0,0.0,0.0,0.0,2.6854067024373345,0.06060606060606061,0.0,0.0,0.0
ar3,Default,0.031746031746031744,0.06349206349206349,0.0,0.047619047619047616,0.031746031746031744,0.09523809523809523,0.0,0.0,0.0,0.2,29.4888206198009,0.5,0.018867924528301886,1.8262283596942281,0.018867924528301886,0.0,0.0,0.0,0.0,0.0,0.0,0.0,0.5687503785140948,0.16666666666666666,0.0,0.6318601311317908,0.038461538461538464,0.0,1.4836968241756159,0.0,0.0,0.0,0.0,0.2,27.231951767157085,0.5,0.018867924528301886,2.6149013012454865,0.05660377358490566,0.0,0.0,0.0
ar3,Mod,0.0,0.031746031746031744,0.0,0.047619047619047616,0.0,0.06349206349206349,0.0,0.6378967168911052,0.019230769230769232,0.0,1.5885562601103582,0.16666666666666666,0.0,0.0,0.0,0.0,0.5437244324518089,0.0,0.0,0.0,0.0,0.0,0.9335112332966982,0.16666666666666666,0.0,0.279016045456038,0.038461538461538464,0.0,0.4508791446890752,0.0,0.0,0.5608560040829969,0.02,0.0,1.9541103942156441,0.16666666666666666,0.0,0.22421884040723894,0.0392156862745098,0.0,0.321975567166187,0.0
ar4,Default,0.0,0.04672897196261682,0.0,0.04672897196261682,0.0,0.056074766355140186,0.0,0.5407512899724864,0.024096385542168676,0.0,1.0724948268332262,0.125,0.0,1.0995937978518153,0.024096385542168676,0.0,0.10491115850633004,0.0,0.0,1.3575894096782477,0.03571428571428571,0.0,0.28327105577854383,0.0,0.0,0.2323649039079616,0.012195121951219513,0.0,0.10971984038536142,0.125,0.0,0.943081416984709,0.03529411764705882,0.0,1.4215095625615612,0.2222222222222222,0.0,0.33758307734752124,0.012048192771084338,0.0,0.17541723315398805,0.0
ar4,Mod,0.0,0.028037383177570093,0.0,0.028037383177570093,0.0,0.028037383177570093,0.0,0.40427700133286715,0.012048192771084338,0.0,0.10971984038536142,0.0,0.0,1.1600248037569054,0.023809523809523808,0.0,0.0,0.0,0.0,1.5803041233142037,0.03529411764705882,0.0,0.0,0.0,0.0,0.1325725213815101,0.0,0.0,0.0,0.0,0.0,0.8903495363873322,0.023529411764705882,0.0,0.10971984038536142,0.125,0.0,0.159561201998059,0.0,0.0,0.0,0.0
ar6,Default,0.019801980198019802,0.0594059405940594,0.009900990099009901,0.0594059405940594,0.019801980198019802,0.0891089108910891,0.0,0.12814425707285348,0.02531645569620253,0.0,0.5314777842077147,0.2,0.024691358024691357,2.749958114568745,0.0375,0.0,0.0,0.0,0.0,0.4175900104479491,0.025974025974025976,0.0,0.0,0.0,0.01282051282051282,3.0900485076227175,0.05063291139240506,0.0,0.0,0.0,0.0,0.05324439902489897,0.013513513513513514,0.0,0.5314777842077147,0.0,0.024691358024691357,5.199254268877993,0.09876543209876543,0.0,0.0,0.0
ar6,Mod,0.009900990099009901,0.039603960396039604,0.009900990099009901,0.039603960396039604,0.0,0.039603960396039604,0.01282051282051282,2.3993908730687337,0.0379746835443038,0.0,0.0,0.0,0.0,0.22093534695581596,0.012987012987012988,0.0,0.0,0.0,0.0,0.2202254977186806,0.012987012987012988,0.0,0.0,0.0,0.01282051282051282,2.8651285283682206,0.0379746835443038,0.0,0.0,0.0,0.0,0.5830611542972162,0.025974025974025976,0.0,0.0,0.0,0.0,1.033905649577453,0.025974025974025976,0.0,0.0,0.0
arsenic-female-bladder,Default,0.03398926654740608,0.03756708407871199,0.1592128801431127,0.26654740608228983,0.12164579606440072,0.23255813953488372,0.041304347826086954,4.287923728545273,0.043478260869565216,0.0,0.0,0.0,0.0,0.0,0.0,0.0,3.684174196801135,0.058823529411764705,0.0,0.0,0.0,0.3333333333333333,47.56999467396262,0.5897435897435898,0.17608695652173914,20.903925849778307,0.27391304347826084,0.0,0.0,0.0,0.0,0.006191309179637727,0.0,0.2916666666666667,44.02649483662108,0.5897435897435898,0.13863636363636364,17.321920179994677,0.24263038548752835,0.0,0.03778166714449149,0.0
arsenic-female-bladder,Mod,0.16815742397137745,0.17173524150268335,0.16636851520572452,0.22540250447227192,0.016100178890876567,0.08228980322003578,0.18043478260869567,18.39820920259616,0.1826086956521739,0.0,0.0,0.0,0.0,0.0,0.0,0.4074074074074074,41.00396498591612,0.42857142857142855,0.0,0.0,0.0,0.36,47.05685956531101,0.5294117647058824,0.1826086956521739,21.217410183346093,0.23478260869565218,0.0,0.0,0.0,0.013297872340425532,0.969381348184498,0.019943019943019943,0.0,10.87162253413994,0.2727272727272727,0.008021390374331552,4.368826601988599,0.0777479892761394,0.038461538461538464,1.275810552087377,0.04
arsenic-female-lung,Default,0.03577817531305903,0.03756708407871199,0.1449016100178891,0.27191413237924866,0.1073345259391771,0.23613595706618962,0.038461538461538464,4.007187191355268,0.04038461538461539,0.0,0.0,0.0,0.0,0.0,0.0,0.0,0.0,0.0,0.0,0.0,0.0,0.0,1.4180327518409066,0.0625,0.15576923076923077,21.025518457074927,0.2903846153846154,0.0,0.0,0.0,0.0,0.007875062333006833,0.0,0.0,1.4180327518409066,0.0625,0.12024048096192384,17.683926061054095,0.262,0.0,0.0,0.0
arsenic-female-lung,Mod,0.20214669051878353,0.20572450805008943,0.16815742397137745,0.2182468694096601,0.012522361359570662,0.06976744186046512,0.2173076923076923,21.93817646254326,0.21923076923076923,0.0,0.0,0.0,0.0,0.0,0.0,0.0,2.824401260751341,0.0625,0.0,0.0,0.0,0.0,0.9611685595089681,0.0625,0.18076923076923077,20.963710212669056,0.2326923076923077,0.0,0.0,0.0,0.014598540145985401,3.1167029552171917,0.04455445544554455,0.0,0.3269552203497732,0.0625,0.0024630541871921183,1.9465370939133595,0.04926108374384237,0.0,1.660620335531397,0.0
arsenic-male-bladder,Default,0.03041144901610018,0.04293381037567084,0.15026833631484796,0.27549194991055453,0.11449016100178891,0.23971377459749552,0.03313840155945419,3.9685750503227997,0.042884990253411304,0.0,0.0,0.0,0.0,0.00511042134608064,0.004056795131845842,0.0,0.0,0.0,0.0,0.0,0.0,0.0,5.77130494644712,0.17647058823529413,0.16374269005847952,20.67468191129415,0.2926356589147287,0.0,0.0,0.0,0.0,0.005171810503880048,0.0,0.0,5.77130494644712,0.17647058823529413,0.12981744421906694,17.364548212562173,0.26411290322580644,0.0,0.0,0.0
arsenic-male-bladder,Mod,0.19320214669051877,0.20214669051878353,0.16100178890876565,0.2182468694096601,0.012522361359570662,0.07513416815742398,0.21052631578947367,21.344872449061818,0.2189922480620155,0.0,0.0,0.0,0.0,0.0,0.0,0.0,2.0895360420604074,0.0,0.0,0.0,0.0,0.0,7.609978918562929,0.125,0.17543859649122806,20.55704129329201,0.23255813953488372,0.0,0.0,0.0,0.012285012285012284,2.7725016593770353,0.0645933014354067,0.0,3.4126971503714367,0.06666666666666667,0.0049504950495049506,1.896089441513522,0.03217821782178218,0.0,0.7447851442012692,0.06666666666666667
arsenic-male-lung,Default,0.03398926654740608,0.04114490161001789,0.13953488372093023,0.27191413237924866,0.1037567084078712,0.23255813953488372,0.036328871892925434,3.871283500850459,0.043726235741444866,0.0,0.0,0.0,0.0,0.006257144365493739,0.0,0.0,0.0,0.0,0.0,0.0,0.0,0.0,0.0,0.0,0.1491395793499044,21.863044119506355,0.2889733840304182,0.0,0.0,0.0,0.0,0.0012995086971079317,0.0,0.0,0.0,0.0,0.11530815109343936,18.683545816119455,0.25793650793650796,0.0,0.0,0.0
arsenic-male-lung,Mod,0.19320214669051877,0.20214669051878353,0.16815742397137745,0.22182468694096602,0.012522361359570662,0.0626118067978533,0.20650095602294455,21.051048224467337,0.21482889733840305,0.0,0.0,0.0,0.0,0.0,0.0,0.0,0.0,0.0,0.0,0.0,0.0,0.0,0.0,0.0,0.17973231357552583,20.810137435584153,0.23574144486692014,0.0,0.0,0.0,0.00966183574879227,2.4534217441238857,0.04784688995215311,0.0,0.0,0.0,0.007263922518159807,2.2249653518458308,0.03631961259079903,0.0,0.0,0.0
backache,Default,0.016666666666666666,0.05555555555555555,0.07777777777777778,0.1388888888888889,0.06111111111111111,0.12222222222222222,0.013793103448275862,1.8633933855108502,0.034482758620689655,0.0,0.012252544618262862,0.0,0.0,0.780326927247956,0.02097902097902098,0.16666666666666666,30.48860851212609,0.3333333333333333,0.0,0.030376258586279237,0.0,0.2857142857142857,56.043884364495995,0.6666666666666666,0.08275862068965517,9.629134438811045,0.11724137931034483,0.0,0.0,0.0,0.0,0.04127572723603712,0.0,0.14285714285714285,34.94360539574666,0.5,0.06993006993006994,8.658771005281475,0.1111111111111111,0.0,0.01760546043883049,0.0
backache,Mod,0.08888888888888889,0.1,0.09444444444444444,0.12777777777777777,0.0,0.05,0.0896551724137931,8.962982181657702,0.09655172413793103,0.0,0.0,0.0,0.0,0.0,0.0,0.375,51.89415040855986,0.5,0.0,0.0,0.0,0.4444444444444444,56.60595756065025,0.6,0.0896551724137931,10.091684303761726,0.11724137931034483,0.0,0.0,0.0,0.0,0.5319880291733707,0.022727272727272728,0.0,6.601263606369085,0.2,0.0,1.7881309235732195,0.022727272727272728,0.0,0.44769870464291817,0.1111111111111111
breastw,Default,0.04685212298682284,0.06734992679355783,0.21376281112737922,0.24011713030746706,0.2679355783308931,0.28989751098096633,0.0,0.0,0.0,0.3157894736842105,35.126776556656594,0.38,0.0045351473922902496,0.6503977339501312,0.009029345372460496,0.0,2.1787830256597487,0.06060606060606061,0.0,0.07896533374180281,0.0023923444976076554,0.5652173913043478,57.85825566121031,0.597457627118644,0.03644646924829157,4.529029080132109,0.05011389521640091,0.0,0.0,0.0,0.0,0.0,0.0,0.7086956521739131,71.92033058921987,0.7319148936170212,0.045146726862302484,5.0710235841300495,0.058823529411764705,0.0,0.0,0.0
breastw,Mod,0.22108345534407028,0.22986822840409957,0.21961932650073207,0.23718887262079064,0.0029282576866764276,0.032210834553440704,0.05694760820045558,5.498393550508925,0.05694760820045558,0.0,0.0,0.0,0.0,0.0,0.0,0.5575221238938053,56.953284789779,0.5814977973568282,0.0,0.012878391648051268,0.0,0.5670995670995671,58.03028327043524,0.594017094017094,0.04328018223234624,4.504635220370553,0.05239179954441914,0.0,0.0,0.0,0.0,1.061907777203714,0.023696682464454975,0.008583690987124463,2.781943763385969,0.04291845493562232,0.0,0.037344752005051385,0.0,0.0,0.31639903274181114,0.008888888888888889
cardio,Default,0.070999453850355,0.07536865101037685,0.05079191698525396,0.09120699071545603,0.019661387220098307,0.056799563080284,0.04584352078239609,4.592334461422293,0.05131337813072694,0.0,0.4518395262011081,0.03225806451612903,0.0,0.049592392367384,0.0006435006435006435,0.632183908045977,64.90793026325997,0.6341463414634146,0.0006333122229259025,0.05453339080561004,0.0006501950585175553,0.5151515151515151,64.95222387969649,0.6842105263157895,0.035452322738386305,4.12862489413488,0.06108735491753207,0.0,0.7244487217881015,0.03225806451612903,0.004464285714285714,1.4516563124474269,0.021573604060913704,0.01282051282051282,10.90095970540202,0.2553191489361702,0.005098789037603569,1.0108632081531055,0.014696485623003195,0.20618556701030927,10.664182393607026,0.24731182795698925
cardio,Mod,0.06990715456034953,0.07209175314036045,0.054614964500273075,0.0835608956854178,0.008192244675040962,0.033315128345166575,0.04523227383863081,4.570458266075446,0.04581551618814905,0.0,0.0,0.0,0.0,0.057428679559940576,0.0006397952655150352,0.627906976744186,63.651625039208554,0.6436781609195402,0.0006297229219143577,0.06230771008396352,0.0006443298969072165,0.6097560975609756,64.698222914511,0.6804123711340206,0.029951100244498777,3.990180126655509,0.05253512522907758,0.0,0.12155638611387531,0.0,0.0025559105431309905,0.9196717696671235,0.022082018927444796,0.024096385542168676,7.031835770521408,0.18181818181818182,0.0019181585677749361,0.35098022169446397,0.002574002574002574,0.06896551724137931,4.5617997603497535,0.07692307692307693
climate-model-simulation-crashes,Default,0.08888888888888889,0.1,0.6277777777777778,0.8240740740740741,0.5314814814814814,0.7333333333333333,0.08943089430894309,9.244883919981678,0.09552845528455285,0,0.0,0,0.0,0.012107386329444969,0.002242152466367713,1.0,100.00000000000003,1.0,0.0,0.0,0.0,1.0,100.00000000000003,1.0,0.6158536585365854,70.88604479088006,0.8154158215010142,0,0.0,0,0.0,0.01494483041486605,0.0,0.8611111111111112,83.91688248280224,0.9069767441860465,0.5752808988764045,67.90094817101081,0.796875,0.0,0.009891846835675677,0.0
climate-model-simulation-crashes,Mod,0.27037037037037037,0.2759259259259259,0.6944444444444444,0.7888888888888889,0.4203703703703704,0.5166666666666667,0.258130081300813,26.18591538391094,0.2616632860040568,0,0.0,0,0.0,0.0,0.0,1.0,100.00000000000003,1.0,0.0,0.0,0.0,1.0,100.00000000000003,1.0,0.6849593495934959,73.53864865085653,0.7849898580121704,0,0.0,0,0.0,0.0,0.0,0.47368421052631576,51.08700398575057,0.5128205128205128,0.5741758241758241,64.13053412417925,0.7095890410958904,0.0,0.0,0.0
datatrieve,Default,0.038461538461538464,0.046153846153846156,0.046153846153846156,0.1076923076923077,0.08461538461538462,0.14615384615384616,0.0,0.0,0.0,0.4,32.09811014482219,0.4,0.027522935779816515,3.414272316760468,0.03669724770642202,0.0,0.0,0.0,0.0,0.04278251350251816,0.0,0.16666666666666666,13.040489390919724,0.16666666666666666,0.047619047619047616,8.459614380503595,0.12264150943396226,0.0,0.0,0.0,0.0,0.0,0.0,0.4,42.848520008524126,0.5,0.08256880733944955,11.606626282577317,0.14678899082568808,0.0,0.0,0.0
datatrieve,Mod,0.06923076923076923,0.07692307692307693,0.05384615384615385,0.1,0.0,0.038461538461538464,0.0761904761904762,8.07922985754692,0.08490566037735849,0.0,0.0,0.0,0.0,0.0,0.0,0.16666666666666666,16.66666666666667,0.16666666666666666,0.0,0.0,0.0,0.16666666666666666,16.66666666666667,0.16666666666666666,0.05714285714285714,8.233867211992504,0.11320754716981132,0.0,0.0,0.0,0.0,0.5462051359876559,0.020833333333333332,0.0,0.0,0.0,0.0,0.805669127005574,0.030927835051546393,0.0,0.0,0.0
fertility,Default,0.05,0.11,0.29,0.44,0.37,0.5,0.0,0.25302427168965247,0.0136986301369863,1.0,87.4318982258666,1.0,0.038461538461538464,5.9898392562399865,0.08860759493670886,0,0.9538156803691757,0,0.0,0.0,0.0,0.5714285714285714,67.6607377178293,0.7142857142857143,0.3424657534246575,44.43884826788944,0.52,0.0,0.0,0.0,0.0,0.0,0.0,1.0,94.30036657794174,1.0,0.38461538461538464,47.635162222729825,0.5443037974683544,0,0.0,0
fertility,Mod,0.28,0.32,0.31,0.43,0.04,0.13,0.3287671232876712,35.110709184126534,0.36,0.0,0.0,0.0,0.0,0.0,0.0,0.5714285714285714,65.62738529454307,0.7142857142857143,0.0,0.0,0.0,0.5714285714285714,67.16395991705211,0.75,0.3698630136986301,43.76502289337325,0.49333333333333335,0.0,0.0,0.0,0.0,0.7126506709535934,0.05,0.0,1.5522320416486153,0.125,0.08333333333333333,14.105663112123793,0.20833333333333334,0.0,0.0,0.0
flare,Default,0.02626641651031895,0.055347091932457786,0.22795497185741087,0.30112570356472795,0.2589118198874296,0.3320825515947467,0.0,0.5129388794648031,0.016624040920716114,0.15789473684210525,14.836855119885744,0.21052631578947367,0.027194066749072928,3.528222747412377,0.04708798017348203,0.0,0.3620667647136897,0.0,0.0,0.0,0.0,0.5421686746987951,54.63121521906038,0.5957446808510638,0.2531969309462916,29.729255159962438,0.33672172808132145,0.0,0.0,0.0,0.0,0.0,0.0,0.5903614457831325,61.34859826663246,0.6702127659574468,0.279901356350185,31.848412747834587,0.35793357933579334,0.0,0.0,0.0
flare,Mod,0.24296435272045028,0.27110694183864914,0.2448405253283302,0.29080675422138835,0.017823639774859287,0.07879924953095685,0.27237851662404094,29.107048283321298,0.301143583227446,0.0,0.0,0.0,0.0,0.0,0.0,0.5476190476190477,57.38858462542166,0.5777777777777777,0.0,0.0,0.0,0.5189873417721519,54.72429662812133,0.5957446808510638,0.2813299232736573,30.38748738366849,0.3227445997458704,0.0,0.0,0.0,0.014545454545454545,3.2009269563767218,0.04275092936802974,0.03529411764705882,3.7945595802664203,0.11235955056179775,0.009140767824497258,5.040849989551134,0.07207207207207207,0.03529411764705882,9.31430377612427,0.12222222222222222
glass,Default,0.0,0.02336448598130841,0.0,0.028037383177570093,0.0,0.03271028037383177,0.0,0.7645493016736171,0.016042780748663103,0.0,1.458623658032208,0.5,0.0,0.10882023336051283,0.005405405405405406,0.0,0.41785634696875107,0.0,0.0,0.06212584843925395,0.0,0.0,0.27806334375682185,0.5,0.0,1.188759088992359,0.026737967914438502,0.0,4.263536542257261,0.0,0.0,0.34136329189440473,0.01092896174863388,0.0,0.7016235513967528,0.0,0.0,0.8356226448091828,0.026881720430107527,0.0,3.041372915219709,0.0
glass,Mod,0.004672897196261682,0.014018691588785047,0.0,0.02336448598130841,0.0,0.02336448598130841,0.0053475935828877,0.5719061592422123,0.0106951871657754,0.0,0.31890325596465496,0.5,0.0,0.0,0.0,0.0,0.5435323905217195,0.0,0.0,0.0,0.0,0.0,0.27806334375682185,0.5,0.0,1.0541557824023569,0.0213903743315508,0.0,4.26353654225726,0.0,0.0,0.08452091798500794,0.005434782608695652,0.0,0.1777006624045776,0.0,0.0,0.5852964091009887,0.016129032258064516,0.0,4.6762692764701,0.5
ionosphere,Default,0.05413105413105413,0.06552706552706553,0.09401709401709402,0.15384615384615385,0.150997150997151,0.21367521367521367,0.0,0.014929571163973643,0.004484304932735426,0.36538461538461536,36.26725623239573,0.37735849056603776,0.0,0.3687180255786917,0.008928571428571428,0.0,0.21174249106174048,0.0,0.0,0.0,0.0,0.29333333333333333,30.49937980804949,0.35,0.04932735426008968,7.811378708696234,0.11659192825112108,0.0,0.0,0.0,0.0,0.0,0.0,0.56,55.55457700969257,0.6,0.04932735426008968,8.169528759748799,0.12053571428571429,0.0,0.0,0.0
ionosphere,Mod,0.10256410256410256,0.10826210826210826,0.09401709401709402,0.12535612535612536,0.002849002849002849,0.04843304843304843,0.04932735426008968,5.453340795069652,0.053811659192825115,0.0,0.0,0.0,0.0,0.0,0.0,0.32051282051282054,32.21977209205933,0.3333333333333333,0.0,0.0,0.0,0.28378378378378377,30.25984710538966,0.3157894736842105,0.053811659192825115,6.939098749374046,0.08968609865470852,0.0,0.0,0.0,0.004761904761904762,0.6065793200775842,0.009852216748768473,0.0,0.16016735650204428,0.0,0.0,2.151015324801758,0.05188679245283019,0.0,2.7778623115754972,0.05063291139240506
kc3,Default,0.015283842794759825,0.039301310043668124,0.021834061135371178,0.07423580786026202,0.010917030567685589,0.07423580786026202,0.015306122448979591,2.0223416485916164,0.030456852791878174,0.0,0.1769784915840531,0.06666666666666667,0.0,0.14114830726545624,0.007792207792207792,0.0625,10.250996144097103,0.125,0.0,0.010547175414133525,0.0,0.16666666666666666,21.38419480393076,0.2857142857142857,0.017857142857142856,4.654844829395213,0.07106598984771574,0.0,0.0,0.0,0.0,0.17746626506287333,0.01366120218579235,0.1111111111111111,11.958754810272328,0.23809523809523808,0.00516795865633075,2.9835770565502844,0.06233766233766234,0.058823529411764705,0.22805759807196568,0.0
kc3,Mod,0.048034934497816595,0.056768558951965066,0.034934497816593885,0.05895196506550218,0.002183406113537118,0.034934497816593885,0.04336734693877551,5.210636830119696,0.0532994923857868,0.0,0.0,0.0,0.0,0.0,0.0,0.25,23.521020295187892,0.25,0.0,0.0,0.0,0.16666666666666666,21.161330165355523,0.25,0.03316326530612245,4.535585570053234,0.05583756345177665,0.0,0.0,0.0,0.0026666666666666666,1.2214184943550968,0.021447721179624665,0.0,0.7179475854538369,0.05,0.0,0.5350441171481801,0.01881720430107527,0.0,2.60485282038572,0.0
letter,Default,0.083125,0.090625,0.03375,0.088125,0.038125,0.0725,0.08361429534726905,8.44283449676831,0.0889487870619946,0.0,1.1394980654787124,0.6666666666666666,0.0,0.0,0.0,0.6923076923076923,79.40854259453386,0.9166666666666666,0.0,0.005465534343599865,0.0,0.2,70.17735825840045,0.8,0.03573836817262306,6.015737212547621,0.08827493261455525,0.0,5.005379809944473,0.5,0.034875444839857654,3.9558885988857497,0.04512372634643377,0.0,10.70406928963401,0.42105263157894735,0.0029411764705882353,1.4742324480131805,0.03173431734317343,0.42105263157894735,45.41590458571859,0.21428571428571427
letter,Mod,0.055625,0.060625,0.0425,0.071875,0.010625,0.0325,0.05461901550910317,5.620184191537359,0.057951482479784364,0.0,1.166649151908549,0.6666666666666666,0.0,0.0,0.0,0.6666666666666666,69.92252721295598,0.9,0.0,0.0,0.0,0.7142857142857143,66.60822033962624,0.8,0.041132838840188805,5.405715266116676,0.06940700808625337,0.5,2.0255978297836283,0.0,0.007823613086770981,1.1636526456114642,0.017806267806267807,0.0,2.9452371266390482,0.0,0.0035714285714285713,0.9572109394723716,0.015,0.08333333333333333,15.819209922001463,0.5
lungcancer_GSE31210,Default,0.02654867256637168,0.04424778761061947,0.022123893805309734,0.05752212389380531,0.0,0.061946902654867256,0.0223463687150838,3.2849177742907596,0.03910614525139665,0.0,0.06278247866521669,0.0,0.0,0.5249499098244068,0.011494252873563218,0.2857142857142857,12.282265414071901,0.16666666666666666,0.0111731843575419,0.7369059214367346,0.0058823529411764705,0.16666666666666666,12.24334534891346,0.2857142857142857,0.0111731843575419,3.025110830606101,0.055865921787709494,0.0,0.20041982078350484,0.0,0.0,1.669162609691801,0.04519774011299435,0.0,2.990742086372816,0.2857142857142857,0.0,1.275086714233416,0.023121387283236993,0.0,2.6019917882174086,0.0
lungcancer_GSE31210,Mod,0.030973451327433628,0.03982300884955752,0.022123893805309734,0.05752212389380531,0.0,0.048672566371681415,0.027932960893854747,3.6973349707350476,0.03910614525139665,0.0,0.0,0.0,0.0,0.5345232068641579,0.005780346820809248,0.2857142857142857,17.764303341150086,0.16666666666666666,0.005649717514124294,0.6291530413127331,0.011627906976744186,0.16666666666666666,18.154955734377324,0.2857142857142857,0.01675977653631285,3.1955027874178814,0.05027932960893855,0.0,0.0,0.0,0.0,1.1026699677164893,0.03409090909090909,0.0,1.7013317347749761,0.16666666666666666,0.0,0.5701139127397499,0.017341040462427744,0.0,1.430767381999324,0.16666666666666666
lympho,Default,0.02027027027027027,0.0472972972972973,0.17567567567567569,0.33783783783783783,0.20945945945945946,0.36486486486486486,0.0,0.3292176971422982,0.015384615384615385,0.0,0.05911493514184296,0.0,0.022556390977443608,3.269586976834229,0.03759398496240601,0.0,0.0,0.0,0.0,0.0,0.0,0.0,0.0,0.0,0.203125,28.639186529527098,0.38461538461538464,0.0,0.0,0.0,0.0,0.0,0.0,0.0,0.05911493514184296,0.0,0.23308270676691728,30.743717446825872,0.40298507462686567,0.0,0.0,0.0
lympho,Mod,0.22972972972972974,0.25,0.21621621621621623,0.3108108108108108,0.0,0.10135135135135136,0.265625,27.913881933436212,0.2846153846153846,0.0,0.0,0.0,0.0,0.0,0.0,0.0,0.0,0.0,0.0,0.0,0.0,0.0,0.0,0.0,0.25,28.246495862345128,0.35384615384615387,0.0,0.0,0.0,0.0,2.0544003917864693,0.03571428571428571,0.0,0.0,0.0,0.0,2.496372367621024,0.12903225806451613,0.0,0.0,0.0
mw1,Default,0.02977667493796526,0.04218362282878412,0.02481389578163772,0.07196029776674938,0.004962779156327543,0.05955334987593052,0.025495750708215296,3.112859772059859,0.0339943342776204,0.0,0.0,0.0,0.0,0.01031277971817679,0.0029239766081871343,0.3,31.64869776623999,0.4,0.0,0.0,0.0,0.3,46.95357458538924,0.5714285714285714,0.019830028328611898,3.4697733595409934,0.059490084985835696,0.0,0.0,0.0,0.0029239766081871343,0.9120602718148163,0.01791044776119403,0.0,18.942035233069806,0.46153846153846156,0.0029239766081871343,1.3457280986117683,0.03235294117647059,0.0,1.2968448939160813,0.125
mw1,Mod,0.03722084367245657,0.04218362282878412,0.02481389578163772,0.05955334987593052,0.004962779156327543,0.03722084367245657,0.0339943342776204,3.502001776713504,0.0339943342776204,0.0,0.0,0.0,0.0,0.0,0.0,0.3,37.55095145502201,0.45454545454545453,0.0,0.0,0.0,0.36363636363636365,48.050189400122214,0.5714285714285714,0.0169971671388102,3.1613657130944937,0.0453257790368272,0.0,0.0,0.0,0.0,0.94424729511393,0.02040816326530612,0.0,16.09694310928089,0.2857142857142857,0.0,0.6496940382852954,0.011764705882352941,0.15384615384615385,0.7330198679999633,0.0
optdigits,Default,0.0950920245398773,0.09854294478527607,0.17120398773006135,0.27338957055214724,0.0853144171779141,0.18845858895705522,0.09188331018059138,9.406069078037158,0.09605080373089898,0,0.0,0,0.0008733624454148472,0.1261061196817057,0.002190580503833516,1.0,100.00000000000003,1.0,0.0009517011658339282,0.06444310146601984,0.0005385029617662897,1.0,100.00000000000003,1.0,0.166534339023422,20.583374435261682,0.26363816703035114,0,0.0,0,0.006186057577920533,0.5316029273336778,0.007539041464728056,0.78,57.235493663916955,0.8526315789473684,0.08338819398727233,12.802708073138284,0.19166666666666668,0.0,2.2292057632134212,0.0
optdigits,Mod,0.22661042944785276,0.2289110429447853,0.17465490797546013,0.22661042944785276,0.03719325153374233,0.06729294478527607,0.22072250893211592,22.122362655701654,0.22317000595120015,0,0.0,0,0.00025464731347084286,0.05530356075658016,0.0005104645227156713,1.0,100.00000000000003,1.0,0.0004786979415988511,0.05313371382122578,0.000254323499491353,1.0,100.00000000000003,1.0,0.17126413971025997,19.497418281276452,0.22019440587185082,0,0.0,0,0.03175,4.538753652350229,0.06749640976543801,0.0,1.3705079664188857,0.0,0.013499745287824758,1.3691505332196852,0.008903586873569066,0.2,22.880955694127767,0.425
pc1,Default,0.06402164111812443,0.06762849413886383,0.05049594229035167,0.0793507664562669,0.0018034265103697023,0.019837691614066726,0.05771144278606965,6.031500740593254,0.06156901688182721,0.0,0.0,0.0,0.0,0.0,0.0,0.52,53.78975785168976,0.5416666666666666,0.0,0.01413120046944183,0.0,0.4782608695652174,53.40374216163516,0.5769230769230769,0.04477611940298507,5.891152796539224,0.07249255213505462,0.0,0.0,0.0,0.0010570824524312897,0.5675479677343505,0.008492569002123142,0.0,1.4620651718942548,0.04,0.0010570824524312897,0.4172386494097222,0.012684989429175475,0.0,2.0146181303558643,0.04
pc1,Mod,0.06672678088367899,0.0703336339044184,0.057709648331830475,0.06943192064923355,0.0018034265103697023,0.013525698827772768,0.05970149253731343,6.278199660946535,0.06256206554121152,0.0,0.0,0.0,0.0,0.0,0.0,0.5384615384615384,55.0663069835543,0.5769230769230769,0.0,0.002011742355287671,0.0,0.4782608695652174,52.031266626416794,0.56,0.0527363184079602,5.7900861526409635,0.06256206554121152,0.0,0.0,0.0,0.0010582010582010583,0.5796119333504122,0.011566771819137749,0.0,0.1634900410682707,0.041666666666666664,0.0,0.07376036593078683,0.0021231422505307855,0.04,5.7790740960581735,0.041666666666666664
pima,Default,0.044270833333333336,0.05859375,0.049479166666666664,0.12109375,0.018229166666666668,0.08723958333333333,0.035343035343035345,3.3008549247099825,0.03734439834024896,0.0,2.9971448075737737,0.125,0.0,0.26296634942832653,0.004291845493562232,0.425,48.65708136987126,0.5116279069767442,0.0,0.14780327429793205,0.0022371364653243847,0.48936170212765956,60.217763581585466,0.7088607594936709,0.031185031185031187,5.450411217880837,0.07468879668049792,0.0,0.8317804357245282,0.0,0.004291845493562232,0.38369207683280004,0.017738359201773836,0.10638297872340426,29.218791435465008,0.4714285714285714,0.008547008547008548,2.690303456089952,0.047311827956989246,0.06666666666666667,4.71868730990788,0.0975609756097561
pima,Mod,0.08072916666666667,0.08723958333333333,0.06770833333333333,0.09375,0.005208333333333333,0.0390625,0.05197505197505198,5.456440666559327,0.058091286307053944,0.0,0.44463834895158416,0.041666666666666664,0.0,0.15781294600725593,0.002197802197802198,0.6065573770491803,61.888944108240686,0.6166666666666667,0.0,0.1610890977926147,0.0022026431718061676,0.5714285714285714,61.1297615070437,0.6461538461538462,0.04149377593360996,5.085711302111856,0.06016597510373444,0.0,0.4071739030035051,0.0,0.002188183807439825,0.882469940654373,0.015418502202643172,0.03225806451612903,5.189294128727441,0.13846153846153847,0.0,0.5135898265384324,0.019736842105263157,0.01639344262295082,6.402137928273539,0.08196721311475409
satellite,Default,0.06371406371406371,0.075990675990676,0.11499611499611499,0.1466977466977467,0.05112665112665113,0.0822066822066822,0.008703618873110398,0.6519499964578812,0.01168920467568187,0.01,3.956750602115701,0.12972972972972974,0.00046189376443418013,0.14838350787252752,0.0023137436372049976,0.6501766784452296,68.69661817238413,0.7150442477876107,0.0002337540906965872,0.01379917639160122,0.0,0.7649823736780259,78.25043421457337,0.8048268625393494,0.02016036655211913,3.278800693821946,0.04054982817869416,0.0,0.034918980987404646,0.0,0.0,0.027816658766540936,0.0002387774594078319,0.2984723854289072,33.55351083617283,0.41867785939139557,0.01722949689869056,2.757640759315012,0.029439035697728325,0.0,0.12452086161033282,0.0035971223021582736
satellite,Mod,0.13006993006993006,0.13286713286713286,0.11857031857031856,0.1327117327117327,0.007925407925407926,0.020668220668220667,0.03459335624284078,3.5586668294448787,0.03825887743413517,0.0,0.0,0.0,0.0,0.0,0.0,0.7742663656884876,78.42317325873263,0.7871853546910755,0.0,0.0009350601304591866,0.0,0.7627520759193357,78.1437562664529,0.790304396843292,0.027491408934707903,3.042693401727184,0.03505154639175258,0.0,0.0,0.0,0.004963365634601749,0.8034584476493303,0.0125,0.0167973124300112,1.409370913766272,0.048368953880764905,0.0009492168960607499,0.2769688587226051,0.002382654276864427,0.012373453318335208,2.7057865855610106,0.030927835051546393
satimage-2,Default,0.06979148716181285,0.07220403239703602,0.05238669653627434,0.09581251077029122,0.021540582457349647,0.051525073237980355,0.0718977454287236,7.301141039417157,0.07396239801347995,0.0,0.0,0.0,0.0,0.002590130187775763,0.00019149751053236308,0.0,0.764511788076986,0.014285714285714285,0.0,0.011387532212486562,0.0,0.0,0.4009845144759907,0.0,0.05396769039588141,7.187804448791695,0.09861653068463995,0.0,0.0,0.0,0.017051913603637742,1.8319217777147037,0.015348288075560802,0.0,0.12905734552113968,0.0,0.006701129618992916,1.7075333532296146,0.04211332312404288,0.0,0.4220249938537799,0.014285714285714285
satimage-2,Mod,0.0735826296743064,0.07496122695157677,0.058762708943649836,0.07633982422884715,0.01154575219713941,0.030329140099948304,0.07562577667317592,7.646240979776707,0.07697765164952111,0.0,0.0,0.0,0.0,0.0,0.0,0.014285714285714285,1.1832766779258965,0.014285714285714285,0.0,0.0011217568305534886,0.0,0.0,0.3049842327271788,0.0,0.060536126398011716,6.841200823176235,0.07857396239801348,0.0,0.0,0.0,0.009172558761704567,1.429514788789246,0.022593506740079743,0.0,0.032458565746309676,0.0,0.0036510376633358955,0.5751369991529729,0.010760953112990008,0.0,0.7273332895432707,0.014285714285714285
spambase,Default,0.09845685720495545,0.09976092153879591,0.003477504890241252,0.008041730058682896,0.09063247120191263,0.09628341664855466,0.07822030857552924,7.501437221246222,0.07962697274031563,0.0,0.0,0.0,0.0,0.0,0.0,0.9957627118644068,99.59489905917998,0.9957983193277311,0.0,0.0,0.0,0.0,0.3085199567308541,0,0.0057409400789379264,0.8141358796505969,0.01291248206599713,0.0,51.93176570086767,1.0,0.06615776081424936,6.729394331942117,0.07398051245037893,0.0,0.0,0,0.0,0.0,0.0,0.9957627118644068,99.91063901625277,1.0
spambase,Mod,0.004781569224081721,0.005216257335361878,0.0043468811128015645,0.006085633557922191,0.0,0.0019560965007607042,0.007534983853606028,0.7900454484069013,0.00824964131994261,1.0,100.00000000000003,1.0,0.0,0.0,0.0,0,0.0,0,0.0,0.0,0.0,0,0.0,0,0.0068173663437387875,0.7550483745432559,0.009684361549497847,1.0,100.00000000000003,1.0,0.0,0.06335506994627726,0.0010861694424330196,0,0.0,0,0.0,0.02898598726536883,0.00216998191681736,0,0.0,0
thoracic_surgery,Default,0.05106382978723404,0.07659574468085106,0.08723404255319149,0.13829787234042554,0.036170212765957444,0.0851063829787234,0.03753351206434316,4.439133617894023,0.05053191489361702,0.16666666666666666,14.74956018135899,0.16666666666666666,0.013736263736263736,1.6202721661971555,0.02459016393442623,0.4444444444444444,52.657339388151094,0.5833333333333334,0.011204481792717087,1.1497139116101835,0.01466275659824047,0.7391304347826086,74.72918240800001,0.7916666666666666,0.05361930294906166,8.22207968776226,0.10638297872340426,0.0,3.714802357716903,0.16666666666666666,0.0,0.0848842441918578,0.002932551319648094,0.3333333333333333,50.84214035414289,0.5416666666666666,0.03305785123966942,4.444250047832308,0.0684931506849315,0.0,0.7584885993674617,0.08333333333333333
thoracic_surgery,Mod,0.10425531914893617,0.11914893617021277,0.09148936170212765,0.12127659574468085,0.002127659574468085,0.036170212765957444,0.07506702412868632,8.145567207763587,0.0851063829787234,0.0,6.464629046699517,0.16666666666666666,0.011461318051575931,1.3146805141600342,0.014326647564469915,0.7391304347826086,76.64485829145006,0.782608695652174,0.011267605633802818,1.20553662611999,0.011527377521613832,0.7619047619047619,76.31375941562963,0.7916666666666666,0.058981233243967826,7.808421657594588,0.08776595744680851,0.16666666666666666,8.39248693451131,0.16666666666666666,0.0,1.019713061798193,0.02005730659025788,0.0,2.2708776034999683,0.0,0.0,0.7609911477219871,0.02005730659025788,0.041666666666666664,4.804200765349856,0.13043478260869565
thyroid,Default,0.07184517497348887,0.07423117709437964,0.05646871686108165,0.0835100742311771,0.01007423117709438,0.02916224814422057,0.06325966850828729,6.366421716378142,0.06488128106018774,0.0,0.0,0.0,0.00029481132075471697,0.03707397568077431,0.0005901445854234287,0.47126436781609193,49.22741402932229,0.4942528735632184,0.0005792064871126556,0.033969838906766636,0.00029806259314456036,0.4772727272727273,48.29233497800646,0.5111111111111111,0.04668508287292818,5.863155254153849,0.07399226946438432,0.0,0.0,0.0,0.007054673721340388,1.1994924726206442,0.018740849194729136,0.0,0.2519746057740557,0.0,0.0038336773813034504,0.692717172965384,0.01237842617152962,0.011235955056179775,1.6425456823724702,0.044444444444444446
thyroid,Mod,0.06919406150583245,0.07131495227995759,0.06097560975609756,0.07264050901378578,0.004506892895015907,0.014581124072110286,0.06022099447513812,6.080876338180767,0.06156819436775262,0.0,0.0,0.0,0.0002938583602703497,0.03172121174849729,0.0005880623346074683,0.4772727272727273,48.99428101802057,0.5,0.00029129041654529564,0.029267205689718523,0.0002946375957572186,0.47126436781609193,48.538068155063236,0.5,0.051933701657458566,5.648128587891787,0.06322473771397018,0.0,0.0,0.0,0.0026455026455026454,0.7226090407126879,0.010236911377595788,0.0,0.0912879504480879,0.0,0.0023522493384298734,0.27615459762464867,0.005291005291005291,0.0,0.8083928157159344,0.02247191011235955
vertebral,Default,0.008333333333333333,0.0375,0.004166666666666667,0.041666666666666664,0.004166666666666667,0.05416666666666667,0.0053475935828877,1.4389125754090872,0.026595744680851064,0.0,0.446590837140584,0.0,0.0053475935828877,1.1455204687462306,0.0213903743315508,0.0,0.17031509592625071,0.0,0.0,0.9764977077932622,0.005555555555555556,0.0,0.17031509592625071,0.0,0.0053475935828877,1.7188298912136095,0.047872340425531915,0.0,1.092625050099096,0.0,0.0,1.1341744659850983,0.016666666666666666,0.0,0.5660184216475883,1.0,0.0053475935828877,1.5679074084719185,0.04838709677419355,0.0,1.2370637057864533,0
vertebral,Mod,0.004166666666666667,0.025,0.004166666666666667,0.025,0.0,0.03333333333333333,0.0053475935828877,1.2128703644585572,0.02127659574468085,0.0,0.0,0.0,0.0,0.373462970122441,0.010752688172043012,0.0,0.0,0.0,0.0,0.44657038759941603,0.010752688172043012,0.0,0.0,0.0,0.0053475935828877,1.0912960681113062,0.02127659574468085,0.0,0.09669642427338387,0.0,0.0,0.6843904657726381,0.021505376344086023,0.0,0.0,0.0,0.0,0.4659763267768098,0.021505376344086023,0.0,0.09669642427338387,0.0
visualizing_livestock,Default,0.16153846153846155,0.18461538461538463,0.4076923076923077,0.7,0.5846153846153846,0.8692307692307693,0.0,0.0,0.0,0.8,82.37994138085534,0.8333333333333334,0.1827956989247312,18.77826560636425,0.20212765957446807,0.0,0.0,0.0,0.0,0.0,0.0,0.5384615384615384,69.2161043575649,0.7916666666666666,0.6133333333333333,73.3800560373111,0.9473684210526315,0.0,0.0,0.0,0.0,0.0,0.0,0.9230769230769231,94.67239325733935,0.9583333333333334,0.6881720430107527,78.46786561814878,0.9574468085106383,0.0,0.0,0.0
visualizing_livestock,Mod,0.046153846153846156,0.07692307692307693,0.4461538461538462,0.6153846153846154,0.5076923076923077,0.6692307692307692,0.0,0.524422330876771,0.013333333333333334,0.0,9.986996414840497,0.16666666666666666,0.07317073170731707,7.890042714707066,0.0975609756097561,0.0,0.0,0.0,0.0,0.0,0.0,0.625,68.4792648626502,0.7619047619047619,0.64,71.42678261616777,0.8421052631578947,0.0,0.0,0.0,0.0,0.0,0.0,0.6875,74.30634827352493,0.8095238095238095,0.6707317073170732,73.53358726087716,0.8536585365853658,0.0,0.0,0.0
vowels,Default,0.06662087912087912,0.07760989010989011,0.042582417582417584,0.09684065934065934,0.03296703296703297,0.07898351648351648,0.06331877729257641,7.037258476190734,0.07547169811320754,0.0,0.40517563676839075,0.21428571428571427,0.0007763975155279503,0.05797283814244447,0.001567398119122257,0.391304347826087,26.73143636960323,0.26666666666666666,0.001516300227445034,0.12158682575715796,0.0,0.07692307692307693,22.87295645797024,0.2777777777777778,0.04148471615720524,6.948938468537875,0.09876543209876543,0.14285714285714285,2.019262092935648,0.0,0.023919753086419752,2.8847486657538672,0.045771916214119475,0.058823529411764705,6.588937815072585,0.35294117647058826,0.0109460516028147,2.7819113750721027,0.03605015673981191,0.1111111111111111,12.064433080452416,0.26666666666666666
vowels,Mod,0.07486263736263736,0.08035714285714286,0.04807692307692308,0.08791208791208792,0.016483516483516484,0.04395604395604396,0.07641921397379912,7.787525707854421,0.07988380537400146,0.0,0.0,0.0,0.0,0.001519332281266772,0.0007886435331230284,0.2222222222222222,29.52157186983053,0.3157894736842105,0.0,0.02406519093805759,0.0,0.1875,19.6473130783063,0.35,0.0487627365356623,6.402069952799737,0.0878721859114016,0.0,0.19718849559025564,0.0,0.01328125,2.2207672557897875,0.036725325172149964,0.058823529411764705,0.7849635712917431,0.0,0.0031570639305445935,0.7797037420959885,0.008661417322834646,0.1111111111111111,11.090031997056588,0.23809523809523808
wbc,Default,0.018518518518518517,0.031746031746031744,0.0026455026455026454,0.031746031746031744,0.005291005291005291,0.03968253968253968,0.017595307917888565,2.2559962520603305,0.02631578947368421,0.0,0.030659441773647877,0.0,0.0,0.008416131488026446,0.0029940119760479044,0.06666666666666667,7.730186479432028,0.13333333333333333,0.0,0.13344568813278745,0.0029940119760479044,0.0,3.27478615666963,0.13333333333333333,0.002932551319648094,1.3254343849842853,0.02631578947368421,0.0,0.2617400142048478,0.0,0.005952380952380952,1.347868507513637,0.020833333333333332,0.0,0.30329706082679064,0.07142857142857142,0.0,0.31707079426942175,0.014970059880239521,0.0,3.245340922935191,0.13333333333333333
wbc,Mod,0.015873015873015872,0.021164021164021163,0.005291005291005291,0.023809523809523808,0.0026455026455026454,0.015873015873015872,0.017595307917888565,1.827283489608905,0.02046783625730994,0.0,0.0,0.0,0.0,0.0,0.0,0.0,4.807636324273871,0.07142857142857142,0.0,0.025159562686151826,0.0,0.0,5.166653019092049,0.13333333333333333,0.005865102639296188,1.180911577904066,0.02046783625730994,0.0,0.01011711277141969,0.0,0.002967359050445104,0.7121215781893904,0.005952380952380952,0.0,0.5962674984031417,0.0,0.0,0.07346758768483275,0.005952380952380952,0.0,0.3507034804552611,0.13333333333333333
wine,Default,0.007751937984496124,0.05426356589147287,0.007751937984496124,0.07751937984496124,0.007751937984496124,0.10077519379844961,0.009174311926605505,1.4990905097866891,0.02727272727272727,0.0,0.20274304701402612,0.0,0.0,0.1553476888676404,0.01834862385321101,0.0,20.22550143075753,0.6666666666666666,0.0,0.1280897314409657,0.009345794392523364,0.0,44.270794742853454,0.8333333333333334,0.009174311926605505,2.459781691201788,0.03636363636363636,0.0,0.0,0.0,0.0,0.8721343014587499,0.0380952380952381,0.0,21.417626222255763,0.75,0.0,1.8513959995008293,0.056074766355140186,0.5,3.0114383307558557,0.0
wine,Mod,0.023255813953488372,0.046511627906976744,0.0,0.06976744186046512,0.0,0.06201550387596899,0.01834862385321101,2.5757882916485397,0.009174311926605505,0.0,0.0,0.0,0.0,0.001576060467261886,0.009174311926605505,0.5,64.83484184794324,0.8,0.0,0.0015689013066850777,0.0,0.0,61.54035576753631,0.8333333333333334,0.0,1.9014598935493714,0.03636363636363636,0.0,0.0,0.0,0.0,1.023003225326962,0.027777777777777776,0.0,4.4914334022314195,0.6,0.0,0.3652645955710807,0.018691588785046728,0.0,2.2653756951710147,0.0
